/*
Navicat MySQL Data Transfer

Source Server         : root
Source Server Version : 50635
Source Host           : 47.93.201.205:3306
Source Database       : smart_piano

Target Server Type    : MYSQL
Target Server Version : 50635
File Encoding         : 65001

Date: 2018-12-13 18:02:17
*/

SET FOREIGN_KEY_CHECKS=0;

-- ----------------------------
-- Table structure for `smart_admin`
-- ----------------------------
DROP TABLE IF EXISTS `smart_admin`;
CREATE TABLE `smart_admin` (
  `id` int(11) unsigned NOT NULL AUTO_INCREMENT,
  `username` varchar(30) NOT NULL DEFAULT '',
  `password` varchar(32) NOT NULL DEFAULT '',
  `code` varchar(10) NOT NULL DEFAULT '' COMMENT '密码加盐字符串',
  `lastloginip` varchar(20) NOT NULL DEFAULT '',
  `lastlogintime` int(11) unsigned NOT NULL DEFAULT '0',
  `logincount` int(4) unsigned NOT NULL DEFAULT '0',
  `role_id` int(4) unsigned NOT NULL DEFAULT '0',
  `mobile` varchar(20) NOT NULL DEFAULT '',
  `realname` varchar(30) NOT NULL DEFAULT '',
  `email` varchar(50) NOT NULL DEFAULT '',
  `status` tinyint(1) NOT NULL DEFAULT '0',
  `create_time` int(11) unsigned NOT NULL DEFAULT '0',
  `update_time` int(11) unsigned NOT NULL DEFAULT '0',
  PRIMARY KEY (`id`),
  KEY `role_id` (`role_id`)
) ENGINE=InnoDB AUTO_INCREMENT=5 DEFAULT CHARSET=utf8;

-- ----------------------------
-- Records of smart_admin
-- ----------------------------
INSERT INTO `smart_admin` VALUES ('1', 'admin', '1b85ff99705484ca927c72b50bde8b77', '1577', '127.0.0.1', '1544663983', '692', '1', '13646029493', '', 'huangzk@xmsmart.com', '1', '1501559145', '1544663983');
INSERT INTO `smart_admin` VALUES ('2', 'qwe', '242e754fec7ced839b74c4da34381669', '2427', '', '0', '0', '0', '13646029493', '', '123@123.com', '-1', '1502268998', '1508747017');
INSERT INTO `smart_admin` VALUES ('3', 'test1', '1e74b19e26c42eef483bab2e2dfd8702', '8025', '127.0.0.1', '1534403923', '5', '2', '18862243281', '', '364121174@qq.com', '-1', '1513132733', '1544584350');
INSERT INTO `smart_admin` VALUES ('4', 'test2', '4a0211e1766c89d1f74a82dc7a33aacb', '9855', '', '0', '0', '4', '18862243283', '', '364121174@qq.com', '-1', '1513145452', '1544584356');

-- ----------------------------
-- Table structure for `smart_article`
-- ----------------------------
DROP TABLE IF EXISTS `smart_article`;
CREATE TABLE `smart_article` (
  `id` int(11) unsigned NOT NULL AUTO_INCREMENT,
  `title` varchar(50) NOT NULL DEFAULT '',
  `author` varchar(50) NOT NULL DEFAULT '',
  `cid` int(4) unsigned NOT NULL DEFAULT '0' COMMENT '资讯类目',
  `content` text COMMENT '内容',
  `img_b` varchar(255) CHARACTER SET utf8mb4 NOT NULL DEFAULT '' COMMENT '大图',
  `img_s` varchar(255) CHARACTER SET utf8mb4 NOT NULL DEFAULT '' COMMENT '小图',
  `mp3` varchar(255) NOT NULL DEFAULT '' COMMENT '音乐',
  `mp4` varchar(255) NOT NULL DEFAULT '' COMMENT '视频',
  `listorder` int(4) unsigned NOT NULL DEFAULT '0' COMMENT '排序',
  `status` tinyint(1) NOT NULL DEFAULT '1' COMMENT '删除状态0-未审核，1-正常，-1删除',
  `create_time` int(11) unsigned NOT NULL DEFAULT '0',
  `update_time` int(11) unsigned NOT NULL DEFAULT '0',
  PRIMARY KEY (`id`)
) ENGINE=MyISAM AUTO_INCREMENT=50 DEFAULT CHARSET=utf8;

-- ----------------------------
-- Records of smart_article
-- ----------------------------
INSERT INTO `smart_article` VALUES ('1', '鼓浪屿钢琴博物馆', '', '2', '					<p style=\"margin-top: 0px; margin-bottom: 0px; padding: 0px 1em; color: white; font-size: 20px; font-family: cursive; text-indent: 2em; line-height: 1.75em; white-space: normal;\"><span style=\"color: rgb(0, 0, 0);\">鼓浪屿钢琴博物馆位于厦门名园之首—菽庄花园内，总面积近1000平方米，展厅面积近800平方米，是一家专门展示世界各国名古钢琴的专业博物馆。鼓浪屿钢琴博物馆共分2个展馆和一条钢琴长廊，第一展馆成立于2000年元月8日，第二展馆于2001年12月22日开馆，钢琴长廊也于2005年8月正式对外开放。</span></p><p><img src=\"/uploads/remote/5bbb0849f312a.png\" class=\"introjpg\"/><span style=\"font-family: &quot;Microsoft YaHei&quot;; font-size: 12px; color: rgb(0, 0, 0);\"></span></p><p style=\"margin-top: 0px; margin-bottom: 0px; padding: 0px 1em; color: white; font-size: 20px; font-family: cursive; text-indent: 2em; line-height: 1.75em; white-space: normal;\"><span style=\"color: rgb(0, 0, 0);\">馆内收藏了原籍鼓浪屿后旅居澳大利亚的钢琴收藏家胡友义先生毕生珍藏的一百多架世界名古钢琴和百盏古钢琴灯台。这些钢琴分别产自英国、法国、德国、美国、奥地利、澳大利亚等国家，鼓浪屿钢琴博物馆突显了人与自然、自然与音乐的和谐统一，注重游客的第一感受，让游客陶醉于鼓浪屿旖旎的风光和优美的音乐旋律中。</span></p><p><img src=\"/uploads/remote/5bbb084a37167.png\" class=\"introjpg\"/><span style=\"font-family: &quot;Microsoft YaHei&quot;; font-size: 12px; color: rgb(0, 0, 0);\"></span></p><p style=\"margin-top: 0px; margin-bottom: 0px; padding: 0px 1em; color: white; font-size: 20px; font-family: cursive; text-indent: 2em; line-height: 1.75em; white-space: normal;\"><span style=\"color: rgb(0, 0, 0);\">鼓浪屿钢琴博物馆不仅展出不同年代的世界名琴实物，还展出世界钢琴音乐资料、鼓浪屿音乐名人成就介绍和鼓浪屿“音乐之岛”、“钢琴之乡”的历史背景介绍。同时，鼓浪屿钢琴博物馆还举办钢琴音乐文化交流活动。鼓浪屿钢琴博物馆自开馆以来已接待了上千万中外游客，取得了良好的社会效益和经济效益，获得充分的肯定和高度的评价。鼓浪屿钢琴博物馆对铸造鼓浪屿音乐文化品牌、提升鼓浪屿文明形象做出了积极的贡献。</span></p><p><br/></p>				', 'http://gly-image.oss-cn-shenzhen.aliyuncs.com/2018/12/d6c51201812131609597584.jpg', '', '', '', '0', '1', '1538984011', '1544688719');
INSERT INTO `smart_article` VALUES ('2', '', '胡友义', '3', '										<p><img src=\"/uploads/remote/5bbb086186455.png\" width=\"30%\"/><span style=\"font-family: &quot;Microsoft YaHei&quot;; font-size: 12px;\"></span></p><p style=\"margin-top: 0px; margin-bottom: 0px; padding: 0px 1em; color: white; font-size: 20px; font-family: cursive; text-indent: 2em; line-height: 1.75em; white-space: normal;\">胡友义先生1936年11月15日出生于风景秀丽的鼓浪屿，祖籍福建永定，自幼学习钢琴，小提琴。中学时期曾在上海音乐学院学习，继而考入比利时布鲁塞尔皇家音乐学院，后到奥地利继续研修钢琴。学成后，胡友义先生曾以一名钢琴家的身份在香港及欧洲各国教授钢琴。1974年，胡友义从一个拍卖会上，收购了第一台钢琴。</p><p style=\"margin-top: 0px; margin-bottom: 0px; padding: 0px 1em; color: white; font-size: 20px; font-family: cursive; text-indent: 2em; line-height: 1.75em; white-space: normal;\">就是在欧洲学习期间，胡友义先生对世界文化艺术发展有了进一步的了解，同时产生了浓厚的探研兴趣。在后来从事开展中、西方文化交流的社会活动中，开始收藏具有强烈时代特征的中、西方文化艺术品，包括中国近代的古家具、字画；西方近代名家绘画、艺术品。在收藏中、西方文化艺术品过程中，胡友义先生对古钢琴的收藏情有独钟，因为从每一架古钢琴上都能够比其他艺术品更多地看到每个不同时期文化艺术、工业技术发展的时代烙印，赏析设计者们和能工巧匠的智慧，同时能从那悦耳的琴声中追忆和描绘出它们为这个世界曾经创造出的音乐文化的辉煌。胡友义先生对古钢琴收藏的情结，还在于那古朴醇厚的琴声常把他带到魂牵梦绕的鼓浪屿，那故乡久远的琴声是他永远也挥之不去的思念。</p><p style=\"margin-top: 0px; margin-bottom: 0px; padding: 0px 1em; color: white; font-size: 20px; font-family: cursive; text-indent: 2em; line-height: 1.75em; white-space: normal;\">从1999年起，胡友义先生陆陆续续将其毕生收藏的近百架来自世界各国的古钢琴珍品无偿捐献给家乡鼓浪屿，创建国内首家钢琴博物馆—鼓浪屿钢琴博物馆。又于2003年在鼓浪屿八卦楼筹划成立鼓浪屿风琴博物馆，该馆经过两年的筹备，于2005年2月份对外预展。馆内藏品除大型管风琴外，还有簧片风琴、电子风琴、手风琴、口琴等种类多样的古风琴珍品。建成后的风琴博物馆不论在藏品或规模上都可以堪称世界一流。鼓浪屿钢琴博物馆和鼓浪屿风琴博物馆的成立，对继承和发扬鼓浪屿音乐文化的优良传统，再现和丰富鼓浪屿钢琴之岛的形象，促进中外钢琴艺术及音乐文化的交流，以及丰富厦门及鼓浪屿的音乐文化事业和旅游事业作出了巨大的贡献。</p><p><br/></p>								', '', '', '', '', '0', '-1', '1538984035', '1544670304');
INSERT INTO `smart_article` VALUES ('3', '古钢琴历史', '', '5', '<h2 style=\"margin: 0px; padding: 0px; color: white; font-size: 20px; font-family: cursive; text-align: center; white-space: normal;\">古钢琴历史</h2><p style=\"margin-top: 0px; margin-bottom: 0px; padding: 0px 1em; color: white; font-size: 18px; font-family: cursive; text-indent: 2em; line-height: 1.75em; white-space: normal;\">现代钢琴发明以前，巴洛克时代，就已经有了两种类似的键盘乐器。一种是拨弦古钢琴（又称大键琴、羽管键琴），这些种类的古键琴的发声原理类似于吉他这样的拨弦乐器，用机械传动装置带动一个拨弦的小臂由羽管或皮制拨子拨动琴弦，缺点是没有办法控制力度，音量总是一样大小。另一种是古钢琴（又称击弦古钢琴、翼琴），体积较小，用铜楔槌击打琴弦，和钢琴不同的是，楔槌不是立刻离开琴弦，而是保持在弦上的压力，直到手指离开琴键，因而古钢琴可以用手指控制音量，并且可以有细微变化的效果，音色富有歌唱性，缺点是音量很小，只适合家庭使用。17世纪艺术歌曲的发展，对伴奏乐器提出了越来越高的要求，小提琴声音太细，鲁特琴的技巧太难以掌握，各种古钢琴的音色和音量又不能让人满意。钢琴的出现，让问题得到了圆满的解决。古钢琴是钢琴的前身，它的发明者是16世纪佛罗伦萨美第奇家族的乐器师巴尔托洛•克里斯托福里。和钢琴一样都是通过绷紧的金属丝弦的震动发音。但不同的是，钢琴是用锤子敲击一股，而古钢琴却是通过羽毛管制作的拨子拨动一根金属丝弦发音，所以有称作“击弦古钢琴”“拨弦古钢琴”。所以古钢琴的音色纤细而钢琴的音色混厚。</p><p><br/></p>', '', '', '', '', '0', '1', '1538987536', '1538987536');
INSERT INTO `smart_article` VALUES ('4', '现代钢琴的形成', '', '5', '<h2 style=\"margin: 0px; padding: 0px; color: white; font-size: 20px; font-family: cursive; text-align: center; white-space: normal;\">现代钢琴的形成</h2><p style=\"margin-top: 0px; margin-bottom: 0px; padding: 0px 1em; color: white; font-size: 18px; font-family: cursive; text-indent: 2em; line-height: 1.75em; white-space: normal;\">现代钢琴起源于意大利佛罗伦萨，用键拉动琴槌以敲打琴弦。从十八世纪末以来，在欧洲及美国，钢琴一直是最主要的家庭键盘乐器。十八世纪初，意大利人克里斯多佛利（Bartolommeo Cristofori，1655-1731）制作一款音量能比古钢琴大且可调整音量大小的类似现代钢琴的键盘式乐器，克里斯多佛利称之为「有强弱音的大键琴」，距离今天已有三百多年的历史。</p><p style=\"margin-top: 0px; margin-bottom: 0px; padding: 0px 1em; color: white; font-size: 18px; font-family: cursive; text-indent: 2em; line-height: 1.75em; white-space: normal;\">钢琴以小巧的琴槌击弦，取代大键琴愿用羽管制成拨子的拨弦装置。击弦的设计表示演奏者克藉由击弦力道改变音量大小。</p><p style=\"margin-top: 0px; margin-bottom: 0px; padding: 0px 1em; color: white; font-size: 18px; font-family: cursive; text-indent: 2em; line-height: 1.75em; white-space: normal;\">为了达成此构想，克里斯多佛利画出一套复杂的机械装置。做处连有琴槌的琴键并不太困难，琴槌会在演奏者按下琴键时向上敲击琴弦。不过，琴槌需在碰到琴弦后立即离开，以让琴弦震动发声。他以一种名为「脱离器」（escapement，又称卡子）的装置达成。他也设计一套杠杆系统，使琴槌移动速度比琴键快。此外，每根琴弦上也装上一组制音器，当演奏者放开琴键时，之音器就落于琴弦让震动停止。琴键、琴槌、脱离器、制音器—构成了钢琴机械装置的核心，称为钢琴的「击弦系统」（action）。另外，如同大键琴与竖琴，钢琴也有音响板。当琴弦震动音响板会跟着共鸣，营造更巨大的声响。</p><p style=\"margin-top: 0px; margin-bottom: 0px; padding: 0px 1em; color: white; font-size: 18px; font-family: cursive; text-indent: 2em; line-height: 1.75em; white-space: normal;\">克里斯多佛利制作的琴槌相当轻但材质偏硬，而琴弦比现代钢琴细（但已比大键琴的琴弦粗），种种特征让他打造的钢琴比后来的各种钢琴更轻、音量更小、音色更偏向大键琴。在钢琴超过三百年的历史中，制琴家以各种方式设计钢琴已增加声音强度，但透过击弦系统敲击琴弦的基本构想始终是不变的核心要点。</p><p><br/></p>', '', '', '', '', '0', '1', '1538987572', '1539078303');
INSERT INTO `smart_article` VALUES ('5', '钢琴的传播和发展', '', '5', '<h2 style=\"margin: 0px; padding: 0px; color: white; font-size: 20px; font-family: cursive; text-align: center; white-space: normal;\">钢琴的传播和发展</h2><p style=\"margin-top: 0px; margin-bottom: 0px; padding: 0px 1em; color: white; font-size: 18px; font-family: cursive; text-indent: 2em; line-height: 1.75em; white-space: normal;\">1725-1726年间，管风琴制造家席伯曼（Gottfried Silbermann，1683-1753）做出了几台与克里斯多佛利的钢琴原型相似度极高的钢琴。席伯曼曾向当时最伟大的键盘乐演奏家介绍他的钢琴，那位演奏家变是巴赫（1685-1750），但巴赫认为这件乐器的高音部太弱，触键亦不够轻。</p><p style=\"margin-top: 0px; margin-bottom: 0px; padding: 0px 1em; color: white; font-size: 18px; font-family: cursive; text-indent: 2em; line-height: 1.75em; white-space: normal;\">二十多年后，巴赫造访腓特烈大帝位于波茨坦（Potsdam）的宫廷之际，又再试弹了席伯曼的钢琴。虽然他觉得其性能已改善许多，但由于年事已高便没再为改良过的钢琴写任何音乐。巴赫的键盘作品数量惊人，但都是写给管风琴和大键琴的。</p><p style=\"margin-top: 0px; margin-bottom: 0px; padding: 0px 1em; color: white; font-size: 18px; font-family: cursive; text-indent: 2em; line-height: 1.75em; white-space: normal;\">然而巴赫最小的儿子Johann Christian Bach（1735-1782）对钢琴十分狂热。1762年，他在伦敦遇到师承席伯曼的纽伦堡制琴家楚珀，楚珀所研发出的新型钢琴较不占空间，很适合居家弹奏。克里斯多佛利和早期的制琴家都是依照大键琴的标准样式（外观与现代平台钢琴几乎一致）制作钢琴，然而楚珀设计了另一款体积较为较小的乐器，其长方形的外壳与古钢琴相似。这类乐器成为所谓的方形钢琴在1760年左右首度公开。</p><p style=\"margin-top: 0px; margin-bottom: 0px; padding: 0px 1em; color: white; font-size: 18px; font-family: cursive; text-indent: 2em; line-height: 1.75em; white-space: normal;\">J•C•巴赫很喜爱这类方形钢琴，也许因为其音质甜美，而灵巧的击弦系统让音乐家能毫不费力地演奏快速段落。方形钢琴也在业余爱乐者之间广为流行——比起克里斯多佛利传统样式的大键琴，轻巧的方形钢琴更适合居家。</p><p style=\"margin-top: 0px; margin-bottom: 0px; padding: 0px 1em; color: white; font-size: 18px; font-family: cursive; text-indent: 2em; line-height: 1.75em; white-space: normal;\">此新型乐器的大受欢迎激励了作曲家，很快地各式钢琴曲创作问世，从类似舞曲的小品，到规模更大的奏鸣曲与协奏曲。巴赫家族年轻一代的几位成员，尤其是J•C•巴赫和哥哥C•P•E•巴赫（1714-1788），都是键盘作品多产的作曲家。</p><p><br/></p>', '', '', '', '', '0', '1', '1538987587', '1538987587');
INSERT INTO `smart_article` VALUES ('6', '两大传统', '', '5', '<h2 style=\"margin: 0px; padding: 0px; color: white; font-size: 20px; font-family: cursive; text-align: center; white-space: normal;\">两大传统</h2><p style=\"margin-top: 0px; margin-bottom: 0px; padding: 0px 1em; color: white; font-size: 18px; font-family: cursive; text-indent: 2em; line-height: 1.75em; white-space: normal;\">楚珀的方形钢琴供不应求，于是很快的其他制造商开始加入阵容，如苏格兰的布罗德伍德（John Broadwood，1732-1812）。年轻的布罗德伍德曾从家乡East Lothian徒步走到伦敦，横跨650公里并为伦敦的大键琴制造商舒第（Burkat Shudi，1702-1773）工作。舒第也有制造钢琴，布罗德伍德在其过世后接手经营。布罗德伍德的公司更成为全世界最知名的钢琴制造商之一。</p><p style=\"margin-top: 0px; margin-bottom: 0px; padding: 0px 1em; color: white; font-size: 18px; font-family: cursive; text-indent: 2em; line-height: 1.75em; white-space: normal;\">布罗德伍德改良楚珀方形钢琴的同时，也将钢琴大量出口到世界各地，许多输出至美国。方形钢琴称为当时最畅销的家庭键盘乐器。即使布罗德伍德和早年制琴商的方形钢琴相当优良，仍有许多音乐家偏好音量较大、拥有大键琴外观的平台钢琴，特别是在大型空间或音乐厅演奏的钢琴家，这类平台钢琴耶大量生产。</p><p style=\"margin-top: 0px; margin-bottom: 0px; padding: 0px 1em; color: white; font-size: 18px; font-family: cursive; text-indent: 2em; line-height: 1.75em; white-space: normal;\">同一时期，另一个钢琴制造流派正从维也纳崛起。维也纳式的钢琴击弦系统较轻巧，有助于快速弹奏，声音灿烂、明亮、清晰、但略显偏弱。此制琴流派由德国Augsburg的Johann Andres Stein（1728-1792）开创，后由Anton Walter（1752-1826）改良进化。维也纳的钢琴制造商即依循此路线取胜，因此，许坦、华尔特模式制造的钢琴被称为维也纳式钢琴。海顿和莫扎特十分喜爱这类钢琴，二位的多首钢琴奏鸣曲和协奏曲一直列与伟大的钢琴曲目之首，这些作品不仅扩展了演奏者的弹奏能力，也开发钢琴的表现潜能。这些作品虽然当初是根据维也纳钢琴的特征写下，但以现代的音乐会大钢琴（concert piano，又称大平台钢琴）弹奏效果也很好。</p><p><br/></p>', '', '', '', '', '0', '1', '1538987602', '1539078569');
INSERT INTO `smart_article` VALUES ('7', '铁骨钢琴1111', '', '5', '					<h2 style=\"margin: 0px; padding: 0px; color: white; font-size: 20px; font-family: cursive; text-align: center; white-space: normal;\"><span style=\"color: rgb(0, 0, 0);\">铁骨钢琴</span></h2><p style=\"margin-top: 0px; margin-bottom: 0px; padding: 0px 1em; color: white; font-size: 18px; font-family: cursive; text-indent: 2em; line-height: 1.75em; white-space: normal;\"><span style=\"color: rgb(0, 0, 0);\">钢琴制造的下一项挑战则是音乐家希望钢琴更有力量， 这需要通过增加琴弦的张力做到，木制骨架会让张力的作用范围受到限制，因此首先需要设计出更坚固的铁骨。第一片一体成型的铁骨在1825年由美国钢琴制造商巴柏考古（Alpheus Babcock）取得了专利。但到了1843年，他的同时齐克林（Jonas Chickering）制造出第一片平台钢琴专用的铸铁板铁骨。</span></p><p style=\"margin-top: 0px; margin-bottom: 0px; padding: 0px 1em; color: white; font-size: 18px; font-family: cursive; text-indent: 2em; line-height: 1.75em; white-space: normal;\"><span style=\"color: rgb(0, 0, 0);\">施坦威为第一批铁骨钢琴制造商之一，他于1853年在纽约起家。施坦威称为世界顶尖的平台钢琴制造商直至今日。</span></p><p style=\"margin-top: 0px; margin-bottom: 0px; padding: 0px 1em; color: white; font-size: 18px; font-family: cursive; text-indent: 2em; line-height: 1.75em; white-space: normal;\"><span style=\"color: rgb(0, 0, 0);\">平台钢琴是专业音乐家的首选，而方形钢琴则是许多业余爱好者居家弹奏的伙伴，直到1830年垂直张弦的立式钢琴（upright piano）问世，情况改观。立式钢琴上市之初以「小型立式钢琴」（cottage piano）或「客厅钢琴」（parlor piano）为号召，因不占空间而开始流行。十九世纪晚期，数百万个家庭里都有一台，无论当成独奏乐器或为歌唱与其他乐器伴奏，都是居家娱乐的重要角色。</span></p><p><br/></p>				', '', '', '', '', '0', '1', '1538987621', '1544672035');
INSERT INTO `smart_article` VALUES ('8', '立式钢琴', '', '6', '<h2 style=\"margin: 0px; padding: 0px; color: white; font-size: 20px; font-family: cursive; text-align: center; white-space: normal;\">立式钢琴</h2><p><img src=\"/uploads/remote/5bbb16804a26e.png\" class=\"psimgs\"/><span style=\"font-family: &quot;Microsoft YaHei&quot;; font-size: 12px;\"></span></p><p class=\"bz\" style=\"margin-top: 0px; margin-bottom: 0px; padding: 0px 1em; color: white; font-size: 12px; font-family: cursive; text-indent: 2em; line-height: 1.75em; text-align: center; white-space: normal;\">馆藏-舒维登（Schwechten）</p><p style=\"margin-top: 0px; margin-bottom: 0px; padding: 0px 1em; color: white; font-size: 18px; font-family: cursive; text-indent: 2em; line-height: 1.75em; white-space: normal;\">立式钢琴采用一种琴弦交错的设计方案，有效地节约了高度与厚度。由琴弦列、音板、支架、键盘系统（包括 黑白琴键和击弦音槌）、踏板机械（包括顶杆和踏板）和外壳共六大部分组成。音域宽广，音量宏大，音色变化丰富，可以表达各种不同的音乐情绪，或刚或柔，或急或缓 均可恰到好处；高音清脆，中音丰满，低音雄厚，可以模仿整个交响乐队的效果。</p><p style=\"margin-top: 0px; margin-bottom: 0px; padding: 0px 1em; color: white; font-size: 18px; font-family: cursive; text-indent: 2em; line-height: 1.75em; white-space: normal;\">立式钢琴在如今的众多家庭中都有，十分便捷，人们把它当成一种娱乐的工具。立式钢琴右侧的延音踏板是一致的，但左侧的柔音踏板。立式钢琴柔音踏板的原理是使琴锤的打弦位置靠近弦而柔和声音；立式钢琴的中央踏板是必要时降低整体音量的消音踏板，踩下后将有毛毡挡在琴弦前使音量降低。立式钢琴的音板在琴体里面，而且是箱型，因此总有些低沉的感觉。</p><p style=\"margin-top: 0px; margin-bottom: 0px; padding: 0px 1em; color: white; font-size: 18px; font-family: cursive; text-indent: 2em; line-height: 1.75em; white-space: normal;\">普通的立式钢琴在弱音演奏时不可避免出现手感差的情况，但Slide soft system技术简称3S技术克服了这个难题，是立式钢琴中最好的革新，由日本东洋钢琴制造株式会社发明，至今为止，普通立式钢琴是通过改变击弦距离，轻打琴弦来减弱琴音。但使用3S技术的钢琴采用与三角钢琴同样的工作原理，减少被打弦的数量来达到弱音效果。3S技术可使有效打弦速度达到普通钢琴的1.5倍，能够以不次于三角琴的打弦速度演奏。而且在使用弱音踏板演奏时，丝毫不会影响连击的速度。安装有3S技术的立式钢琴即使踩上弱音踏板，触键的手感也不会发生变化。全球立式钢琴中只有日本东洋钢琴制造株式会社出品的APOLLO（阿波罗）钢琴拥有3S技术。</p><p><br/></p>', '', '', '', '', '0', '1', '1538987649', '1538987649');
INSERT INTO `smart_article` VALUES ('9', '三角钢琴', '', '6', '<h2 style=\"margin: 0px; padding: 0px; color: white; font-size: 20px; font-family: cursive; text-align: center; white-space: normal;\">三角钢琴</h2><p><img src=\"/uploads/remote/5bbb169128b22.png\" class=\"psimgs\"/><span style=\"font-family: &quot;Microsoft YaHei&quot;; font-size: 12px;\"></span></p><p class=\"bz\" style=\"margin-top: 0px; margin-bottom: 0px; padding: 0px 1em; color: white; font-size: 12px; font-family: cursive; text-indent: 2em; line-height: 1.75em; text-align: center; white-space: normal;\">馆藏-科尔门（Kirkman）</p><p style=\"margin-top: 0px; margin-bottom: 0px; padding: 0px 1em; color: white; font-size: 18px; font-family: cursive; text-indent: 2em; line-height: 1.75em; white-space: normal;\">三角钢琴用于大型演出或专业人士。钢琴采用一种琴弦交错的设计方案，有效地节约了高度与厚度。在此之前的钢琴高度达2.4米。现在的只有1-2米高。三角钢琴有 2.7米长。结构组成：由琴弦列、音板、支架、键盘系统（包括黑白琴键和击弦音棰）、踏板机械（包括顶杆 和踏板）和外壳共六大部分组成。</p><p style=\"margin-top: 0px; margin-bottom: 0px; padding: 0px 1em; color: white; font-size: 18px; font-family: cursive; text-indent: 2em; line-height: 1.75em; white-space: normal;\">（1）琴弦列：高、中音琴弦由钢丝制成；低音琴弦由钢丝加上紫铜缠丝制成。</p><p style=\"margin-top: 0px; margin-bottom: 0px; padding: 0px 1em; color: white; font-size: 18px; font-family: cursive; text-indent: 2em; line-height: 1.75em; white-space: normal;\">（2）音板：木质结构.木材要求质地柔软、有弹性、易传导振动，以白松或梧桐为最佳。支架：包括铸铁支架和木支架两部分。</p><p style=\"margin-top: 0px; margin-bottom: 0px; padding: 0px 1em; color: white; font-size: 18px; font-family: cursive; text-indent: 2em; line-height: 1.75em; white-space: normal;\">（3）键盘系统：黑白琴键由象牙或电木制成；音棰常用木制。踏板机械：金属结构。</p><p style=\"margin-top: 0px; margin-bottom: 0px; padding: 0px 1em; color: white; font-size: 18px; font-family: cursive; text-indent: 2em; line-height: 1.75em; white-space: normal;\">（4）踏板机械：金属结构。</p><p style=\"margin-top: 0px; margin-bottom: 0px; padding: 0px 1em; color: white; font-size: 18px; font-family: cursive; text-indent: 2em; line-height: 1.75em; white-space: normal;\">（5）外壳：漆饰木板结构。</p><p style=\"margin-top: 0px; margin-bottom: 0px; padding: 0px 1em; color: white; font-size: 18px; font-family: cursive; text-indent: 2em; line-height: 1.75em; white-space: normal;\">三角钢琴的制音器是与弦紧贴着，用来阻止弦的震动。例如当钢琴上的琴键被按下时，钢琴内部的琴槌会打在一条条用铜制造的琴弦上，借着琴弦的震动发出声音，制音器的作用就是在琴键按下后，阻止琴弦继续震动和发出声音，使弹在琴键上的每一个高低音都能清楚地听到。音域宽广，音量宏大，音色变化丰富，可以表达各种不同的音乐情绪，或刚或柔，或急或缓，均可恰到好处；高音清脆，中音丰满，低音雄厚，可以模仿整个交响乐队的效果，因而被誉为&quot;乐器之王。迄今为止最昂贵的钢琴是一架1888年生产的斯坦威（Steinway）牌三角钢琴，1980年在纽约以18万英镑的高价被拍卖。</p><p><br/></p>', '', '', '', '', '0', '1', '1538987667', '1538987667');
INSERT INTO `smart_article` VALUES ('10', '四角钢琴', '', '6', '<ul style=\"margin-top: 67.375px; padding: 0px;\" class=\" list-paddingleft-2\"><li><p><a style=\"color: white;\">三角钢琴</a></p></li><li><p><a style=\"color: white;\">四角钢琴</a></p></li><li><p><a style=\"color: white;\">自动钢琴</a></p></li><li><p><a style=\"color: white;\">电钢琴</a></p></li><li><p><a style=\"color: white;\">击弦古钢琴</a></p></li><li><p><a style=\"color: white;\">拨弦古钢琴</a></p></li><li><p><a style=\"color: white;\">手卷钢琴</a></p></li></ul><h2 style=\"margin: 0px; padding: 0px; color: white; font-size: 20px; font-family: cursive; text-align: center;\">四角钢琴</h2><p><img src=\"/uploads/remote/5bbb16a3a8656.png\" class=\"psimgs\"/></p><p class=\"bz\" style=\"margin-top: 0px; margin-bottom: 0px; padding: 0px 1em; color: white; font-family: cursive; text-indent: 2em; line-height: 1.75em; text-align: center;\">馆藏-施坦威 （Steinway）</p><p style=\"margin-top: 0px; margin-bottom: 0px; padding: 0px 1em; color: white; font-size: 18px; font-family: cursive; text-indent: 2em; line-height: 1.75em;\">四角钢琴是钢琴家族中的古董方形钢琴，它曾经风靡世界，显赫一时。所谓方形钢琴，实际上是长方形，而非正方形。它的外形与击弦古钢琴非常相似。方形钢琴的内部结构比较简单；体型相对于拨弦古钢琴（羽管键琴）小很多，节约了空间；同时，也降低了生产成本。因此，从方形钢琴的诞生一直到1830年前后，它一直是最受欧洲中产阶级欢迎的家庭弹奏乐器，乐圣贝多芬也是方形钢琴的钟爱者之一 。</p><p style=\"margin-top: 0px; margin-bottom: 0px; padding: 0px 1em; color: white; font-size: 18px; font-family: cursive; text-indent: 2em; line-height: 1.75em;\">现存最早的一台方形钢琴制作于1742年，是德国钢琴制作家约翰;索彻的作品。1763年左右，移民到英国的德国人约翰内斯楚姆佩制作出第一台英国式方形钢琴，几乎垄断了英国市场。1771年，英国钢琴制作家约翰-布罗德伍德根据楚姆佩的样式作了改进，制造了他的第一架方形钢琴，并逐渐取代了楚姆佩钢琴的垄断地位。尽管这种方形钢琴销量很好，但是它的音量较弱，音色刺耳，音响效果欠佳。18世纪80年代初期，布罗德伍德发明了延音踏板，使方形钢琴的音色和音量得到彻底改观。1852年，布罗德伍德钢琴在伦敦博览会上获得金奖，其后开始向英格兰的国王和王后们提供钢琴，世界一些著名音乐家都成为他的忠实客户，例如贝多芬、肖邦和李斯特等。</p><p style=\"margin-top: 0px; margin-bottom: 0px; padding: 0px 1em; color: white; font-size: 18px; font-family: cursive; text-indent: 2em; line-height: 1.75em;\">许多人都知道英国的穆齐奥-克莱门蒂是著名的钢琴家，却不知道他还是第一位制作钢琴的音乐家。克莱门蒂早就开始注意到钢琴这个新兴的乐器。这里欣赏一台19世纪早期制造的克莱门蒂方形钢琴，现藏于厦门鼓浪屿钢琴博物馆。这台钢琴的编号为15076。一馆最早的钢琴是这架四角钢琴“克莱门蒂”，它是1801年由英国的克莱门蒂制造出来，当时还没有发明铸铁框架，整架钢琴的琴弦板都是用木板制成的，所以它所能承受的拉力很小，一般我们在弹奏钢琴的时候，现代钢琴的琴弦板需要承受的拉力是16到20吨，如此强大的拉力对于这种全木制的琴弦板来说显然不能承载，因此这架钢琴的琴弦也比别的钢琴细了许多，音量相对也较小，后来为扩大音量，它的体积也随之慢慢地扩大了。琴弦固定在木板上，容易松动易走音。早期的钢琴都是木匠制作的，克莱门蒂他是第一位音乐家去制造钢琴，因为他在音乐方面做出了突出贡献，所以去世后被葬在英国的威斯敏斯特大教堂，并被后人誉为“钢琴之父”。</p><p style=\"margin-top: 0px; margin-bottom: 0px; padding: 0px 1em; color: white; font-size: 18px; font-family: cursive; text-indent: 2em; line-height: 1.75em;\">约19世纪中叶，方形钢琴在欧洲已经风光不再。但是在美国，它几乎风靡了整个19世纪。有关方形钢琴的重大改革都是在美国完成的，这些主要归功于德籍美国钢琴制作家斯坦威。他早期曾在风琴制造作坊工作。1849年移民美国。1853年，建立了斯坦威钢琴公司，把制造顶级质量的钢琴作为公司的基本宗旨。</p><p><br/></p>', '', '', '', '', '0', '1', '1538987685', '1538987685');
INSERT INTO `smart_article` VALUES ('11', '自动钢琴', '', '6', '<h2 style=\"margin: 0px; padding: 0px; color: white; font-size: 20px; font-family: cursive; text-align: center; white-space: normal;\">自动钢琴</h2><p><img src=\"/uploads/remote/5bbb16b53a4a1.png\" class=\"psimgs\"/><span style=\"font-family: &quot;Microsoft YaHei&quot;; font-size: 12px;\"></span></p><p class=\"bz\" style=\"margin-top: 0px; margin-bottom: 0px; padding: 0px 1em; color: white; font-size: 12px; font-family: cursive; text-indent: 2em; line-height: 1.75em; text-align: center; white-space: normal;\">馆藏-利柏（Lipp）</p><p style=\"margin-top: 0px; margin-bottom: 0px; padding: 0px 1em; color: white; font-size: 18px; font-family: cursive; text-indent: 2em; line-height: 1.75em; white-space: normal;\">自动演奏系统软件和硬件相结合的高科技产品，它可以控制琴键与钢琴踏，从而使钢琴能够非常逼真的表达情感，其声音效果如耳语般轻柔，动感范围广，琴健和钢琴踏板反映快，并可更好的调节演奏音量。</p><p style=\"margin-top: 0px; margin-bottom: 0px; padding: 0px 1em; color: white; font-size: 18px; font-family: cursive; text-indent: 2em; line-height: 1.75em; white-space: normal;\">钢琴自动演奏系统既可以在无人演奏的情况下自动弹奏出人们想欣赏的钢琴（原声）曲，又可录下演奏者的弹奏过程并实现重放。该系统开发设计完全依照国际标准进行，具有良好的兼容性，可在不破坏钢琴原有结构、不影响钢琴原有技术指标的前提下安装在国产及进口（如:YAMAHA KAWAI等）的各种型号立式或三角钢琴上。</p><p style=\"margin-top: 0px; margin-bottom: 0px; padding: 0px 1em; color: white; font-size: 18px; font-family: cursive; text-indent: 2em; line-height: 1.75em; white-space: normal;\">传统钢琴配装自动演奏系统后，最直接的好处是便于宣传展示。自动演奏钢琴的新奇，可使产品在各种展览中引人瞩目，为钢琴厂家扩大品牌宣传，增加产销途径提供了新方法，提高用户对厂家技术水平的认识度和对公司实力的信任。自动演奏钢琴在娱乐场所如歌舞厅，饭店大堂等也有广泛需求，它既提高了服务场所得档次，又为这些行业节省了雇佣演奏人员的开支。对个人学习者来说，自动演奏系统既可以重现教师的演奏过程供学生反复学习、体会，又可以重现学生本人的弹奏过程，帮助学生更好的了解自己的练习情况，提高学习效率。</p><p><br/></p>', '', '', '', '', '0', '1', '1538987702', '1538987702');
INSERT INTO `smart_article` VALUES ('12', '电钢琴', '', '6', '<h2 style=\"margin: 0px; padding: 0px; color: white; font-size: 20px; font-family: cursive; text-align: center; white-space: normal;\">电钢琴</h2><p><img src=\"/uploads/remote/5bbb16c4c1c2b.png\" class=\"psimgs\"/><span style=\"font-family: &quot;Microsoft YaHei&quot;; font-size: 12px;\"></span></p><p class=\"bz\" style=\"margin-top: 0px; margin-bottom: 0px; padding: 0px 1em; color: white; font-size: 12px; font-family: cursive; text-indent: 2em; line-height: 1.75em; text-align: center; white-space: normal;\">图片来源于网络</p><p style=\"margin-top: 0px; margin-bottom: 0px; padding: 0px 1em; color: white; font-size: 18px; font-family: cursive; text-indent: 2em; line-height: 1.75em; white-space: normal;\">电钢琴（Electronical Piano），是一种电声乐器。它是二十世纪六七十年代兴起，八十年代至九十年代早期流行的一种用于在某些场合代替钢琴的乐器。</p><p style=\"margin-top: 0px; margin-bottom: 0px; padding: 0px 1em; color: white; font-size: 18px; font-family: cursive; text-indent: 2em; line-height: 1.75em; white-space: normal;\">电钢琴的发声原理是将键盘作为通断开关，形成电泳，一旦按下琴键，内部的晶振开始工作，形成脉冲产生一定频率的波形，接着经过分频器的放大，送入扬声器发声。整个发声过程依靠简单的分频模拟电路，所以键盘没有力度和击弦感觉，声音也较为机械单调。</p><p style=\"margin-top: 0px; margin-bottom: 0px; padding: 0px 1em; color: white; font-size: 18px; font-family: cursive; text-indent: 2em; line-height: 1.75em; white-space: normal;\">当今的人们讨论的“电钢琴”是电子琴家族的一个分支，严格来讲，应该叫“数码钢琴”，台湾地区的人称其为“数位钢琴”。在21世纪已经约定俗成地把“数码钢琴”叫做“电钢琴”。它的发声原理是集成电路经过对按键力度，踏板情况，按键速度等物理状况进行运算，调用相应的采样信号，经过一定的运算后回放。所有使用了数字采样技术，模拟钢琴音色的乐器都属于此类。一般电钢琴感应按键力度的原理是：琴键下方安置两个感应触点，通过计算压下上感应点与下感应点的时间差来确定击键速度。部分高端键盘，有三个感应触点，可使力度感应更为精确。</p><p style=\"margin-top: 0px; margin-bottom: 0px; padding: 0px 1em; color: white; font-size: 18px; font-family: cursive; text-indent: 2em; line-height: 1.75em; white-space: normal;\">早期的电子钢琴是比较专一化地、只有几种钢琴或类钢琴的音色，能调音量，除此之外，造价全花在了键盘手感上。电钢琴的键盘经历了三个发展时期。</p><p style=\"margin-top: 0px; margin-bottom: 0px; padding: 0px 1em; color: white; font-size: 18px; font-family: cursive; text-indent: 2em; line-height: 1.75em; white-space: normal;\">（1）拉簧配重。利用简单的弹簧结构产生键盘力度，力度感很生硬，与声学钢琴相差明显。</p><p style=\"margin-top: 0px; margin-bottom: 0px; padding: 0px 1em; color: white; font-size: 18px; font-family: cursive; text-indent: 2em; line-height: 1.75em; white-space: normal;\">（2）配重键盘。利用复杂的阻尼装置使电钢琴键盘在按下使不至于过于生脆，回弹时有一些延缓，手感上已经相当接近声学钢琴。按照不同人群对键盘力度的喜好又分为半配重和全配重。在此基础上，为了模拟声学钢琴低音区比高音区的琴弦更粗带来的击打力度差异，又发展出了逐级配重键盘，在不同音高配重大小存在细微差异，这种键盘已经十分接近声学钢琴了。</p><p style=\"margin-top: 0px; margin-bottom: 0px; padding: 0px 1em; color: white; font-size: 18px; font-family: cursive; text-indent: 2em; line-height: 1.75em; white-space: normal;\">（3）击槌键盘。为了模拟钢琴琴槌击打琴弦的力度感觉，研发人员又在键盘上加入了击槌机机制，按下琴键的同时会有模拟的琴槌和琴弦完成击槌的过程，这个过程是无声的。 21世纪以来的电钢琴普遍采用了全配重击锤键盘以便更好的模拟声学钢琴的物理感觉，使弹奏者能够平滑地在声学钢琴和电钢琴之间过渡。当然一些为了适应手感需要或特殊用途的产品会采用比较生僻的配置，比如49键半配重的便携电钢琴，88键半配重的轻型电钢琴等。</p><p style=\"margin-top: 0px; margin-bottom: 0px; padding: 0px 1em; color: white; font-size: 18px; font-family: cursive; text-indent: 2em; line-height: 1.75em; white-space: normal;\">随着人们对于音乐的喜好多元化，部分电钢琴加装上了成套的音色、节奏与伴奏控制。根据音色、节奏、功能等作为区分，可把电钢琴分为纯电钢琴和多功能电钢琴。</p><p><br/></p>', '', '', '', '', '0', '1', '1538987718', '1538987718');
INSERT INTO `smart_article` VALUES ('13', '击弦古钢琴', '', '6', '<h2 style=\"margin: 0px; padding: 0px; color: white; font-size: 20px; font-family: cursive; text-align: center; white-space: normal;\">击弦古钢琴</h2><p><img src=\"/uploads/remote/5bbb16d603d0c.png\" class=\"psimgs\"/><span style=\"font-family: &quot;Microsoft YaHei&quot;; font-size: 12px;\"></span></p><p class=\"bz\" style=\"margin-top: 0px; margin-bottom: 0px; padding: 0px 1em; color: white; font-size: 12px; font-family: cursive; text-indent: 2em; line-height: 1.75em; text-align: center; white-space: normal;\">图片来源于网络</p><p style=\"margin-top: 0px; margin-bottom: 0px; padding: 0px 1em; color: white; font-size: 18px; font-family: cursive; text-indent: 2em; line-height: 1.75em; white-space: normal;\">击弦古钢琴的历史可以追溯到十五世纪。早在1404年的一首名为《恋诗歌手的规则》的诗歌中就提到了它。1425年德国西北部一个叫名顿的地方，在祭坛背后的雕画中有它的图像。约1440年。在阿劳特的手稿及德国音乐家菲尔东的论著《音乐精义》里，有它的结构图示和说明。现存的最早的击弦古钢琴，制造于1537年，保存在纽约大都会博物馆里；另一架琴是1543由多美尼科制造，现存在莱比锡、卡尔•马克思大学的乐器博物馆里。</p><p style=\"margin-top: 0px; margin-bottom: 0px; padding: 0px 1em; color: white; font-size: 18px; font-family: cursive; text-indent: 2em; line-height: 1.75em; white-space: normal;\">击弦古钢琴称为科拉维科德(Clavichord)，它无论从音源、演奏形式、激发琴弦的方式都更接近现代钢琴。但是由于它的结构过于简单:</p><p style=\"margin-top: 0px; margin-bottom: 0px; padding: 0px 1em; color: white; font-size: 18px; font-family: cursive; text-indent: 2em; line-height: 1.75em; white-space: normal;\">(1) 没有三级杠杆的传动方式；</p><p style=\"margin-top: 0px; margin-bottom: 0px; padding: 0px 1em; color: white; font-size: 18px; font-family: cursive; text-indent: 2em; line-height: 1.75em; white-space: normal;\">(2)没有击弦后立即脱离琴弦的装置；</p><p style=\"margin-top: 0px; margin-bottom: 0px; padding: 0px 1em; color: white; font-size: 18px; font-family: cursive; text-indent: 2em; line-height: 1.75em; white-space: normal;\">(3)不能快速连续弹奏；</p><p style=\"margin-top: 0px; margin-bottom: 0px; padding: 0px 1em; color: white; font-size: 18px; font-family: cursive; text-indent: 2em; line-height: 1.75em; white-space: normal;\">(4)没有现代钢琴所具有“软中硬”的弦槌。</p><p style=\"margin-top: 0px; margin-bottom: 0px; padding: 0px 1em; color: white; font-size: 18px; font-family: cursive; text-indent: 2em; line-height: 1.75em; white-space: normal;\">以上四个方面正是现代钢琴击弦机键盘的主要特征。</p><p style=\"margin-top: 0px; margin-bottom: 0px; padding: 0px 1em; color: white; font-size: 18px; font-family: cursive; text-indent: 2em; line-height: 1.75em; white-space: normal;\">由于上述原因，击弦古钢琴的音量小而纤细，具有一种恬淡的金属音色，有些像敲击钢片琴的声音特色，听起来也有其迷人之处。在小范围的室内乐作品中有着其它乐器所难以替代的声音效果，乃至在1709年现代钢琴问世后仍在欧洲乐坛上活跃了100多年。随着现代钢琴的不断完善、社会生活的快节奏而出现的爵士乐、摇滚乐的需要，古钢琴——似柔弱纤细而又羞涩的贵妇人——也只能归隐于现代社会舞台的大幕之后了。</p><p style=\"margin-top: 0px; margin-bottom: 0px; padding: 0px 1em; color: white; font-size: 18px; font-family: cursive; text-indent: 2em; line-height: 1.75em; white-space: normal;\">自19世纪中、末叶欧洲又兴起了复古之风，欧洲各大中城市保存完好的辉煌古建筑群落、文艺复兴时期的文学、美术、音乐……等古典文化艺术长久的生命力使古钢琴又再着盛装，走上舞台。这正是我们人类在快速前进的路途之中回首望去所发现的不该丢弃的宝贵财富。于是巴洛克时期的音乐重新奏响，古钢琴又翻开了新的篇章。诚然它不占据现代音乐舞台的主流，但是我们相信，它将为我们的精神生活增添晚霞的壮美。这些古老的文化遗产当然不应被遗弃，因为它不仅为我们的生活增添了夕阳的壮美，使我们看到人类的先祖们所创造的文化，同时我们也更清醒地看到了现代乐器之丰富，现代乐器之王者——钢琴，那如日中天的辉煌。</p><p style=\"margin-top: 0px; margin-bottom: 0px; padding: 0px 1em; color: white; font-size: 18px; font-family: cursive; text-indent: 2em; line-height: 1.75em; white-space: normal;\">在漫长的历史沿革中，击弦古钢琴主要是作为一种音乐教学和学习用的乐器。它具有金属般的音色．在声音的变化上具有多样性，同时，可以非常容易地弹奏出如歌的效果。由于击弦古钢琴的音调变化多，许多作曲家发现它对于亲切的室内乐是一种得体的乐器。击弦古钢琴适于演奏序曲、奏鸣曲、托卡塔和组曲。J•S巴赫于1723年创作的二部和三部《创意曲集》，便是能够体现击弦古钢琴演奏风格的重要文献。人们在演奏中对歌唱风格的强调以及对力度细微变化的要求，推动了击弦古钢琴曲目的创作。适于击弦古钢琴演奏的曲目，在结构上通常是两段体；类型上以歌曲改编曲、小型舞曲、田园曲、回旋曲和练习曲居多；在情绪和风格上强调甜美和柔和。</p><p><br/></p>', '', '', '', '', '0', '1', '1538987735', '1538987735');
INSERT INTO `smart_article` VALUES ('14', '拨弦古钢琴', '', '6', '<h2 style=\"margin: 0px; padding: 0px; color: white; font-size: 20px; font-family: cursive; text-align: center; white-space: normal;\">拨弦古钢琴</h2><p><img src=\"/uploads/remote/5bbb16e78b120.png\" class=\"psimgs\"/><span style=\"font-family: &quot;Microsoft YaHei&quot;; font-size: 12px;\"></span></p><p class=\"bz\" style=\"margin-top: 0px; margin-bottom: 0px; padding: 0px 1em; color: white; font-size: 12px; font-family: cursive; text-indent: 2em; line-height: 1.75em; text-align: center; white-space: normal;\">馆藏-舒楠Schramm</p><p style=\"margin-top: 0px; margin-bottom: 0px; padding: 0px 1em; color: white; font-size: 18px; font-family: cursive; text-indent: 2em; line-height: 1.75em; white-space: normal;\">与击弦古钢琴同时代的另一类古钢琴就是上面提到的拨弦古钢琴，它又被称为羽管键琴。是一种装有拨弦装置的乐器，它的应用范围广泛，主要用在当时的贵族家庭中演奏。这类乐器由一个很大的家族组成，它们的形制不一，名称也很多。</p><p style=\"margin-top: 0px; margin-bottom: 0px; padding: 0px 1em; color: white; font-size: 18px; font-family: cursive; text-indent: 2em; line-height: 1.75em; white-space: normal;\">拨弦古钢琴有许多历史记载。最早的拨弦古钢琴是1397年在意大利东北部城市帕度亚，由一个名叫赫尔曼的手工匠人制造的。</p><p style=\"margin-top: 0px; margin-bottom: 0px; padding: 0px 1em; color: white; font-size: 18px; font-family: cursive; text-indent: 2em; line-height: 1.75em; white-space: normal;\">在制造原理方面，击弦古钢琴是根据测弦器的原理发展而成的。其发声机构主要由琴码、弦轴、琴弦、齿轨、楔槌、全弦固定制音结、销钉、琴键、平衡轨等部分组成。其中，全弦固定制音结是击弦古钢琴的制音装置。这种制音结是用布条编织并固定在每一根琴弦上。由于制音结的作用，使得击弦古钢琴无论怎样击弦，琴弦都不是全段都发音的。</p><p style=\"margin-top: 0px; margin-bottom: 0px; padding: 0px 1em; color: white; font-size: 18px; font-family: cursive; text-indent: 2em; line-height: 1.75em; white-space: normal;\">17世纪到18世纪间，拨弦古钢琴在当时的音乐生活中有着相当显赫的位置，可以说是它的全盛时代。至18世纪初，欧洲大陆音乐迅速发展，音量弱小的拨弦古钢琴已不能满足当时音乐家们的需要，因而逐渐被音量洪大的钢琴所取代。</p><p style=\"margin-top: 0px; margin-bottom: 0px; padding: 0px 1em; color: white; font-size: 18px; font-family: cursive; text-indent: 2em; line-height: 1.75em; white-space: normal;\">十七世纪的欧洲，除德国以外的其它国家，特别是英国、法国和意大利，人们更倾向于喜爱羽管键类乐器。许多作曲家如D•斯卡拉蒂，亨德尔等，都曾为羽管键音乐作曲。巴洛克时期的欧洲，羽管键琴不仅作为一种及其普遍的独奏乐器，而且还被用于在室内乐中弹奏数字低音，以及为歌剧和清唱剧中的宣叙调作伴奏。在法国作曲家创作的音乐中，羽管键琴的最佳性能得以完全地、鲜明地体现。法国作曲家的音乐小品极具羽管键琴的特色。柔和、轻快而明晰，富有丰富变化的色彩，旋律有大量的装饰音，对演奏者的钢琴技巧和艺术趣味要求很高。羽管键琴演奏家及作曲家D•斯卡拉蒂发展了双音、两手交叉、重复音、超过八度的琶音弹奏技术等等。</p><p><br/></p>', '', '', '', '', '0', '1', '1538987752', '1538987752');
INSERT INTO `smart_article` VALUES ('15', '手卷钢琴', '', '6', '<h2 style=\"margin: 0px; padding: 0px; color: white; font-size: 20px; font-family: cursive; text-align: center; white-space: normal;\">手卷钢琴</h2><p><img src=\"/uploads/remote/5bbb16f7e9899.png\" class=\"psimgs\"/><span style=\"font-family: &quot;Microsoft YaHei&quot;; font-size: 12px;\"></span></p><p class=\"bz\" style=\"margin-top: 0px; margin-bottom: 0px; padding: 0px 1em; color: white; font-size: 12px; font-family: cursive; text-indent: 2em; line-height: 1.75em; text-align: center; white-space: normal;\">图片来源于网络</p><p style=\"margin-top: 0px; margin-bottom: 0px; padding: 0px 1em; color: white; font-size: 18px; font-family: cursive; text-indent: 2em; line-height: 1.75em; white-space: normal;\">手卷钢琴是一种可折叠的钢琴键盘，称为“手卷钢琴”（Hand Roll Piano）。由于它可卷起折叠，机身内置有一个高音质带有喇叭，因而很方便随身携带演奏。</p><p style=\"margin-top: 0px; margin-bottom: 0px; padding: 0px 1em; color: white; font-size: 18px; font-family: cursive; text-indent: 2em; line-height: 1.75em; white-space: normal;\">手卷钢琴是最近几年出现的新产品，被时代周刊评为2005年最迷人的发明之一，它最早是日本Yamaha推出 的一种可折叠的钢琴键盘，称为“手卷钢琴”（Hand Roll Piano）。Hand Roll Piano以矽橡胶和ABS树脂为材料，它有61个键位，尺寸是1025 × 185 × 28mm，重量是1公斤，可说是既薄又轻。Hand Roll Piano有小提琴、萨克斯等128种音色，它内置了20首乐曲和100种音乐节奏曲目。可以说Hand Roll Piano实际上就是一台电子乐器。手卷钢琴使用4节5号电池，也可通过电源适配器接交流电用。它除了有一个耳机（外接音箱）插口外，还有一个MIDI输出端子。可以用来在出差或者不方便练琴的场所练习和声、指法、听力。缺点：手感一般，音色不能控制。最奇妙的是，你可以把它像卷毛毯一样卷起来，展开后，长度可达3英尺遥控开关和触板使用了合成技术。键盘用硅树脂制成，有内置扬声器，用四节AA电池最长可连续弹奏15个小时。</p><p><br/></p>', '', '', '', '', '0', '1', '1538987770', '1538987770');
INSERT INTO `smart_article` VALUES ('16', '杂志', '', '13', '										<h1 style=\"margin: 0px 0px 0px 116.125px; padding: 38.7031px 0px 0px 232.25px; color: rgb(255, 255, 255); font-size: 28px; font-family: 楷体; white-space: normal;\"><span style=\"color: rgb(0, 0, 0);\">杂志《琴书》</span></h1><p style=\"margin-top: 0px; margin-bottom: 0px; padding: 0px 1em; color: rgb(255, 255, 255); font-size: 20px; font-family: cursive; text-indent: 2em; line-height: 1.75em; font-weight: 700; white-space: normal;\"><span style=\"color: rgb(0, 0, 0);\">鼓浪屿钢琴博物馆杂志《琴书》中的每一架古钢琴所给出的数据和介绍均来自鼓浪屿钢琴博物馆的官方资料。本书中，将鼓浪屿钢琴博物馆里的馆藏古钢琴选出最为核心，文字、图片资料均保存完整的18架古钢琴，根据已有的文字材料进行文字的进一步编辑。详细的说明搭配彩铅图片，经过精心的排版设计，整合成为一本杂志。全本杂志走干净简约的风格，以黑、白、灰为主色调，体现了钢琴的高贵优雅、古朴清新。</span></p><p style=\"margin-top: 0px; margin-bottom: 0px; padding: 0px 1em; color: rgb(255, 255, 255); font-size: 20px; font-family: cursive; text-indent: 2em; line-height: 1.75em; font-weight: 700; white-space: normal;\"><span style=\"color: rgb(0, 0, 0);\">以下为杂志中所介绍的十八架钢琴：</span></p><p style=\"margin-top: 0px; margin-bottom: 0px; padding: 0px 1em; color: rgb(255, 255, 255); font-size: 20px; font-family: cursive; text-indent: 2em; line-height: 1.75em; font-weight: 700; white-space: normal;\"><span style=\"color: rgb(0, 0, 0);\">克莱门蒂、布罗德伍德、伦德、罗杰斯、巴士克、理彭、克莱格、科勒德、威尔坦、布鲁斯纳、施坦威、科尔门、普莱耶尔、奥舍、齐克宁、爱伯斯特夫、贝森朵夫、缪伍德。</span></p><p><br/></p><p><br/></p>								', 'http://gly-image.oss-cn-shenzhen.aliyuncs.com/2018/12/aaad4201812131408313972.jpg', '', '', '', '0', '1', '1538989499', '1544681317');
INSERT INTO `smart_article` VALUES ('17', '项目计划介绍', '', '15', '					<h1 style=\"margin: 0px 0px 0px 116.125px; padding: 38.7031px 0px 0px; color: white; font-size: 28px; font-family: 楷体; white-space: normal;\"><span style=\"color: rgb(0, 0, 0);\">《鼓浪屿钢琴博物馆数字典藏》项目计划</span></h1><h2 style=\"margin: 0px; padding: 0px; color: white; font-family: &quot;Microsoft YaHei&quot;; white-space: normal;\"><span style=\"color: rgb(0, 0, 0);\">一、背景和意义</span></h2><p style=\"margin-top: 0px; margin-bottom: 0px; padding: 0px 1em; color: white; font-size: 20px; font-family: cursive; text-indent: 2em; line-height: 1.75em; white-space: normal;\"><span style=\"color: rgb(0, 0, 0);\">钢琴是西洋古典音乐中的一种键盘乐器，有“乐器之王”的美称。钢琴音域范围从A2（27.5Hz）至 c5（4186Hz），几乎囊括了乐音体系中的全部乐音，是除了管风琴以外音域最广的乐器。</span></p><p style=\"margin-top: 0px; margin-bottom: 0px; padding: 0px 1em; color: white; font-size: 20px; font-family: cursive; text-indent: 2em; line-height: 1.75em; white-space: normal;\"><span style=\"color: rgb(0, 0, 0);\">钢琴首次出现于1709年，在当时是一种既复杂又昂贵的乐器，只有皇室和贵族才有机会接触到。一开始，Johann Sebastian Bach（约翰·塞巴斯蒂安·巴赫）等一些非常有声望的 音乐家们并不欣赏钢琴的音色。但仅仅过了半个世纪，钢琴就变得越来越受欢迎。当Mozart（莫扎特）、Brahms（勃拉姆斯）和Liszt（李斯特）这些极具创造力的音乐家投入钢琴的 怀抱之后，热情便瞬时被引爆。在当时那个年代，这些新锐钢琴家就如同“摇滚巨星”一般，他们所带来的巨大影响力可谓给音乐创作锦上添花，为钢琴的发展注入了强大的力量。皇室 和贵族纷纷把钢琴这一乐器纳入他们的乐队中，民众可以围坐在钢琴四周，聆听最新创作的优美旋律。</span></p><p style=\"margin-top: 0px; margin-bottom: 0px; padding: 0px 1em; color: white; font-size: 20px; font-family: cursive; text-indent: 2em; line-height: 1.75em; white-space: normal;\"><span style=\"color: rgb(0, 0, 0);\">钢琴之所以成为乐器大家族中的“王者”，是人类的精神文明及科技文明的发展所赋于它的，钢琴作为乐器的出现，是人类社会生活的需求，钢琴的发展更从一个侧面反映了人类社会 精神生活不断发展的状态。钢琴作为物质基础，为音乐家的创作提供了条件，音乐家创造发展的钢琴文化又促进钢琴结构功能的进一步成熟。由此我们说钢琴是钢琴文化的不可分割的一 部分，了解钢琴、认识钢琴，也就成为了一个音乐人认识钢琴文化的必须了</span></p><p style=\"margin-top: 0px; margin-bottom: 0px; padding: 0px 1em; color: white; font-size: 20px; font-family: cursive; text-indent: 2em; line-height: 1.75em; white-space: normal;\"><span style=\"color: rgb(0, 0, 0);\">而鼓浪屿钢琴博物馆是一家专门展示世界各国名古钢琴的专业博物馆。共分2个展馆和一条钢琴长廊，第一展馆成立于2000年元月8日，第二展馆于2001年12月22日开馆，钢琴长廊也于 2005年8月正式对外开放。在这里不仅展出不同年代的世界名琴实物，还展出世界钢琴音乐资料、鼓浪屿音乐名人成就介绍和鼓浪屿“音乐之岛”、“钢琴之乡”的历史背景介绍。馆内藏品 是原籍鼓浪屿后旅居澳大利亚的钢琴收藏家胡友义先生毕生珍藏的一百多架世界名古钢琴和百盏古钢琴灯台。这些钢琴分别产自英国、法国、德国、美国、奥地利、澳大利亚等国家。自 开馆以来已接待了上千万中外游客，取得了良好的社会效益和经济效益，获得充分的肯定和高度的评价。</span></p><p style=\"margin-top: 0px; margin-bottom: 0px; padding: 0px 1em; color: white; font-size: 20px; font-family: cursive; text-indent: 2em; line-height: 1.75em; white-space: normal;\"><span style=\"color: rgb(0, 0, 0);\">但在当代社会，随着社会信息化的发展，对音乐资源进行数字化的典藏和保护已经成为一种必然趋势。音乐资源的数字化正在给资源的保存、传播和利用带来变革。钢琴馆也需要从这 方面入手打破特定时间、场所的限制，最大限度地实现音乐资源的利用和共享。2016年2月管理处公众号微信语音导览功能上线，并实现wifi全面覆盖。官方微信语音导览功能实现“音频 +文字+照片”的全方位介绍，游客可随时随地欣赏钢琴馆藏品。今年3月又初步建成鼓浪屿钢琴博物馆线上虚拟博物馆，游客只要轻动手指，点开“厦门市鼓浪屿游览区管理处”微信公众号， 就能360度把博物馆逛透透。这些智慧旅游的打造使钢琴馆更现代化，更人性化。</span></p><p style=\"margin-top: 0px; margin-bottom: 0px; padding: 0px 1em; color: white; font-size: 20px; font-family: cursive; text-indent: 2em; line-height: 1.75em; white-space: normal;\"><span style=\"color: rgb(0, 0, 0);\">在鼓浪屿申遗成功后，如何对钢琴博物馆的音乐资源进行数字化保护和宣传，显得尤为重要。对音乐资源进行数字化，钢琴博物馆的丰富资源可通过网络，在全球进行极为便捷的展示、 传播与利用。音乐典藏这个项目既可以很好的保护传统音乐资源，又能使被数字化的音乐资源成为整个信息网络中的共享资源，以促进整个社会对音乐资源的开发和利用。因此，对钢琴博 物馆的音乐资源进行数字化典藏具有重要意义。</span></p><h2 style=\"margin: 0px; padding: 0px; color: white; font-family: &quot;Microsoft YaHei&quot;; white-space: normal;\"><span style=\"color: rgb(0, 0, 0);\">二、项目组成人员及项目顾问</span></h2><p style=\"margin-top: 0px; margin-bottom: 0px; padding: 0px 1em; color: white; font-size: 20px; font-family: cursive; text-indent: 2em; line-height: 1.75em; white-space: normal;\"><span style=\"color: rgb(0, 0, 0);\">项目由厦门理工学院数字创意与传播学院作为2018年毕业设计项目由7位学生完成，名单如下：</span></p><p style=\"margin-top: 0px; margin-bottom: 0px; padding: 0px 1em; color: white; font-size: 20px; font-family: cursive; text-indent: 2em; line-height: 1.75em; white-space: normal;\"><span style=\"color: rgb(0, 0, 0);\">项目组长:蒋诗吟 音乐工程系2014级系学生</span></p><p style=\"margin-top: 0px; margin-bottom: 0px; padding: 0px 1em; color: white; font-size: 20px; font-family: cursive; text-indent: 2em; line-height: 1.75em; white-space: normal;\"><span style=\"color: rgb(0, 0, 0);\">项目成员:王俞力 音乐工程系2014级系学生</span></p><p style=\"margin-top: 0px; margin-bottom: 0px; padding: 0px 1em; color: white; font-size: 20px; font-family: cursive; text-indent: 2em; line-height: 1.75em; white-space: normal;\"><span style=\"color: rgb(0, 0, 0);\">黄靓仪 音乐工程系2014级系学生</span></p><p style=\"margin-top: 0px; margin-bottom: 0px; padding: 0px 1em; color: white; font-size: 20px; font-family: cursive; text-indent: 2em; line-height: 1.75em; white-space: normal;\"><span style=\"color: rgb(0, 0, 0);\">林佳蓉 音乐工程系2014级系学生</span></p><p style=\"margin-top: 0px; margin-bottom: 0px; padding: 0px 1em; color: white; font-size: 20px; font-family: cursive; text-indent: 2em; line-height: 1.75em; white-space: normal;\"><span style=\"color: rgb(0, 0, 0);\">林唯晴 音乐工程系2014级系学生</span></p><p style=\"margin-top: 0px; margin-bottom: 0px; padding: 0px 1em; color: white; font-size: 20px; font-family: cursive; text-indent: 2em; line-height: 1.75em; white-space: normal;\"><span style=\"color: rgb(0, 0, 0);\">杜颖 编导策划系2014级系学生</span></p><p style=\"margin-top: 0px; margin-bottom: 0px; padding: 0px 1em; color: white; font-size: 20px; font-family: cursive; text-indent: 2em; line-height: 1.75em; white-space: normal;\"><span style=\"color: rgb(0, 0, 0);\">邱雪芳 媒体创意系2014级系学生</span></p><p style=\"margin-top: 0px; margin-bottom: 0px; padding: 0px 1em; color: white; font-size: 20px; font-family: cursive; text-indent: 2em; line-height: 1.75em; white-space: normal;\"><span style=\"color: rgb(0, 0, 0);\">项目由以下老师指导：</span></p><p style=\"margin-top: 0px; margin-bottom: 0px; padding: 0px 1em; color: white; font-size: 20px; font-family: cursive; text-indent: 2em; line-height: 1.75em; white-space: normal;\"><span style=\"color: rgb(0, 0, 0);\">康长河：《鼓浪屿钢琴博物馆数字典藏》项目指导组组长 厦门理工学院音乐工程系系主任、教授、鼓浪屿钢琴研究会理事；</span></p><p style=\"margin-top: 0px; margin-bottom: 0px; padding: 0px 1em; color: white; font-size: 20px; font-family: cursive; text-indent: 2em; line-height: 1.75em; white-space: normal;\"><span style=\"color: rgb(0, 0, 0);\">吕兰兰：厦门理工学院讲师、厦门大学计算机人工智能博士；</span></p><p style=\"margin-top: 0px; margin-bottom: 0px; padding: 0px 1em; color: white; font-size: 20px; font-family: cursive; text-indent: 2em; line-height: 1.75em; white-space: normal;\"><span style=\"color: rgb(0, 0, 0);\">李 阳：厦门理工学院讲师、厦门大学戏剧与影视学专业博士；</span></p><p style=\"margin-top: 0px; margin-bottom: 0px; padding: 0px 1em; color: white; font-size: 20px; font-family: cursive; text-indent: 2em; line-height: 1.75em; white-space: normal;\"><span style=\"color: rgb(0, 0, 0);\">赖祯黎：厦门理工学院传播学系副主任、厦门大学传播学博士；</span></p><p style=\"margin-top: 0px; margin-bottom: 0px; padding: 0px 1em; color: white; font-size: 20px; font-family: cursive; text-indent: 2em; line-height: 1.75em; white-space: normal;\"><span style=\"color: rgb(0, 0, 0);\">张 敏：厦门理工学院副教授。</span></p><p style=\"margin-top: 0px; margin-bottom: 0px; padding: 0px 1em; color: white; font-size: 20px; font-family: cursive; text-indent: 2em; line-height: 1.75em; white-space: normal;\"><span style=\"color: rgb(0, 0, 0);\">项目总监：</span></p><p style=\"margin-top: 0px; margin-bottom: 0px; padding: 0px 1em; color: white; font-size: 20px; font-family: cursive; text-indent: 2em; line-height: 1.75em; white-space: normal;\"><span style=\"color: rgb(0, 0, 0);\">厦门大学艺术学院前副院长、著名音乐教育家、鼓浪屿钢琴研究会会长 李未明教授；</span></p><p style=\"margin-top: 0px; margin-bottom: 0px; padding: 0px 1em; color: white; font-size: 20px; font-family: cursive; text-indent: 2em; line-height: 1.75em; white-space: normal;\"><span style=\"color: rgb(0, 0, 0);\">台湾师范大学民族音乐研究所所长、音乐数字典藏中心主任黄均人教授。</span></p><p style=\"margin-top: 0px; margin-bottom: 0px; padding: 0px 1em; color: white; font-size: 20px; font-family: cursive; text-indent: 2em; line-height: 1.75em; white-space: normal;\"><span style=\"color: rgb(0, 0, 0);\">厦门理工学院数字创意与传播学院《鼓浪屿钢琴博物馆数字典藏》项目组</span></p><p><br/></p>				', '', '', '', '', '0', '1', '1538989655', '1544681415');
INSERT INTO `smart_article` VALUES ('18', '互动装置介绍', '', '17', '					<h1 style=\"margin: 0px 0px 0px 114.75px; padding: 38.25px 0px 0px 114.75px; color: white; font-size: 28px; font-family: 楷体; white-space: normal;\"><span style=\"color: rgb(0, 0, 0);\">互动装置介绍</span></h1><p><img src=\"http://120.79.189.218/images/aboutx/1.png\"/><span style=\"font-family: &quot;Microsoft YaHei&quot;; font-size: 12px; color: rgb(0, 0, 0);\"></span></p><p style=\"margin-top: 0px; margin-bottom: 0px; padding: 0px 1em; color: white; font-size: 20px; font-family: cursive; text-indent: 2em; line-height: 1.75em; white-space: normal;\"><span style=\"color: rgb(0, 0, 0);\">装置主体由12个距离感应器和电脑组成，基于Arduino控制器做为输入端的互动装置,MAX作为声音的输出端，从而设计的一款具有感应能力的产品。</span></p><p><img src=\"http://120.79.189.218/images/aboutx/2.png\"/><span style=\"font-family: &quot;Microsoft YaHei&quot;; font-size: 12px; color: rgb(0, 0, 0);\"></span></p><p style=\"margin-top: 0px; margin-bottom: 0px; padding: 0px 1em; color: white; font-size: 20px; font-family: cursive; text-indent: 2em; line-height: 1.75em; white-space: normal;\"><span style=\"color: rgb(0, 0, 0);\">观赏者可以通过随意的移动与移动速度来触发声音并创作出一段属于自己的旋律，Arduino与Max通过数据库链接，Arduino将数据传输到Max来触发声音,若距离在程序设定范围内则会出发声音。</span></p><p style=\"margin-top: 0px; margin-bottom: 0px; padding: 0px 1em; color: white; font-size: 20px; font-family: cursive; text-indent: 2em; line-height: 1.75em; white-space: normal;\"><span style=\"color: rgb(0, 0, 0);\">本装置设有两种模式:</span></p><p style=\"margin-top: 0px; margin-bottom: 0px; padding: 0px 1em; color: white; font-size: 20px; font-family: cursive; text-indent: 2em; line-height: 1.75em; white-space: normal;\"><span style=\"color: rgb(0, 0, 0);\">1、12种声音按钢琴的钢琴一个八度音效设定，观赏者可以自由创作。</span></p><p><img src=\"http://120.79.189.218/images/aboutx/3.png\"/><span style=\"font-family: &quot;Microsoft YaHei&quot;; font-size: 12px; color: rgb(0, 0, 0);\"></span></p><p style=\"margin-top: 0px; margin-bottom: 0px; padding: 0px 1em; color: white; font-size: 20px; font-family: cursive; text-indent: 2em; line-height: 1.75em; white-space: normal;\"><span style=\"color: rgb(0, 0, 0);\">2、以Black swam（黑天鹅）为主题，结合黑天鹅蜕变过程中的内心情感,利用Max创作出多种不同的电子乐及声音效果，使人身处互动装置中通过与装置的互动以及听觉视觉感受白天鹅渐渐蜕变成黑天鹅的过程（渴望-恐惧-爆发-平静）。</span></p><p style=\"margin-top: 0px; margin-bottom: 0px; padding: 0px 1em; color: white; font-size: 20px; font-family: cursive; text-indent: 2em; line-height: 1.75em; white-space: normal;\"><span style=\"color: rgb(0, 0, 0);\">以下是黑天鹅蜕变过程的重要部分：</span></p><p class=\"bz\" style=\"margin-top: 0px; margin-bottom: 0px; margin-left: 306.031px; padding: 0px 1em; color: white; font-size: 20px; font-family: cursive; text-indent: 2em; line-height: 1.75em; white-space: normal;\"><span style=\"color: rgb(0, 0, 0);\">渴望</span></p><p><img src=\"http://120.79.189.218/images/aboutx/4.png\"/><span style=\"font-family: &quot;Microsoft YaHei&quot;; font-size: 12px; color: rgb(0, 0, 0);\"></span></p><p class=\"bz\" style=\"margin-top: 0px; margin-bottom: 0px; margin-left: 306.031px; padding: 0px 1em; color: white; font-size: 20px; font-family: cursive; text-indent: 2em; line-height: 1.75em; white-space: normal;\"><span style=\"color: rgb(0, 0, 0);\">恐惧</span></p><p><img src=\"http://120.79.189.218/images/aboutx/5.png\"/><span style=\"font-family: &quot;Microsoft YaHei&quot;; font-size: 12px; color: rgb(0, 0, 0);\"></span></p><p class=\"bz\" style=\"margin-top: 0px; margin-bottom: 0px; margin-left: 306.031px; padding: 0px 1em; color: white; font-size: 20px; font-family: cursive; text-indent: 2em; line-height: 1.75em; white-space: normal;\"><span style=\"color: rgb(0, 0, 0);\">爆发</span></p><p><img src=\"http://120.79.189.218/images/aboutx/6.png\"/><span style=\"font-family: &quot;Microsoft YaHei&quot;; font-size: 12px; color: rgb(0, 0, 0);\"></span></p><p class=\"bz\" style=\"margin-top: 0px; margin-bottom: 0px; margin-left: 306.031px; padding: 0px 1em; color: white; font-size: 20px; font-family: cursive; text-indent: 2em; line-height: 1.75em; white-space: normal;\"><span style=\"color: rgb(0, 0, 0);\">平静</span></p><p><img src=\"http://120.79.189.218/images/aboutx/7.png\"/></p><p><br/></p>				', '', '', '', '', '0', '1', '1538989809', '1544681675');
INSERT INTO `smart_article` VALUES ('19', '克莱门第Clementi & Co.', '鲁本·范伯格', '10', '<p style=\"margin-top: 0px; margin-bottom: 0px; padding: 0px 119.156px; color: rgb(255, 255, 255); font-size: 20px; font-family: cursive; text-indent: 2em; line-height: 1.75em; white-space: normal;\">1974年，一位只穿着一条短裤、身上还氲着水汽的男子，打开了被敲响的家门。殊不知这扇门也开启了两人往后的深厚情谊。</p><p><img src=\"http://120.79.189.218/images/wxsound/1-1.png\"/><span style=\"color: rgb(255, 255, 255); font-family: &quot;Microsoft YaHei&quot;; font-size: 20px;\"></span></p><p class=\"bz\" style=\"margin-top: 0px; margin-bottom: 0px; padding: 0px 119.156px; color: rgb(255, 255, 255); font-size: 12px; font-family: cursive; text-indent: 2em; line-height: 1.75em; text-align: center; white-space: normal;\">鲁本·范伯格（Ruben Fineberg）</p><p style=\"margin-top: 0px; margin-bottom: 0px; padding: 0px 119.156px; color: rgb(255, 255, 255); font-size: 20px; font-family: cursive; text-indent: 2em; line-height: 1.75em; white-space: normal;\">这便是胡友义先生与挚友鲁本·范伯格（Ruben Fineberg）的第一次相见，两个素未谋面的人在好友的引荐下一拍即合，三人在鲁本家度过了愉悦的下午。</p><p style=\"margin-top: 0px; margin-bottom: 0px; padding: 0px 119.156px; color: rgb(255, 255, 255); font-size: 20px; font-family: cursive; text-indent: 2em; line-height: 1.75em; white-space: normal;\">如果要用一件事情来讲述两人之间的情谊，那么这架以鲁本·范伯格“身份”存在在鼓浪屿钢琴博物馆里的钢琴便足以说明一切。</p><p><img src=\"http://120.79.189.218/images/wxsound/1-2.png\"/><span style=\"color: rgb(255, 255, 255); font-family: &quot;Microsoft YaHei&quot;; font-size: 20px;\"></span></p><p class=\"bz\" style=\"margin-top: 0px; margin-bottom: 0px; padding: 0px 119.156px; color: rgb(255, 255, 255); font-size: 12px; font-family: cursive; text-indent: 2em; line-height: 1.75em; text-align: center; white-space: normal;\">克莱门第（Clementi）</p><p style=\"margin-top: 0px; margin-bottom: 0px; padding: 0px 119.156px; color: rgb(255, 255, 255); font-size: 20px; font-family: cursive; text-indent: 2em; line-height: 1.75em; white-space: normal;\">这架生产于英国伦敦的四角钢琴诞生于1801年。如果你是一位钢琴爱好者，当你听到它的名字——克莱门第（Clementi），或许会联想到那位在一生中跨越从<strong>巴洛克主义</strong>到<strong>古典主义</strong>再到<strong>浪漫主义</strong>三个伟大时代的意大利作曲家和钢琴家。</p><p><img src=\"http://120.79.189.218/images/wxsound/1-3.png\"/><span style=\"color: rgb(255, 255, 255); font-family: &quot;Microsoft YaHei&quot;; font-size: 20px;\"></span></p><p class=\"bz\" style=\"margin-top: 0px; margin-bottom: 0px; padding: 0px 119.156px; color: rgb(255, 255, 255); font-size: 12px; font-family: cursive; text-indent: 2em; line-height: 1.75em; text-align: center; white-space: normal;\">Muzio Clementi</p><p style=\"margin-top: 0px; margin-bottom: 0px; padding: 0px 119.156px; color: rgb(255, 255, 255); font-size: 20px; font-family: cursive; text-indent: 2em; line-height: 1.75em; white-space: normal;\">是的，这位被后人誉为“钢琴之父”的<strong>第一位钢琴演奏大师</strong>同时也是<strong>第一位制造钢琴</strong>的音乐家。相较于早期都由木匠制造的钢琴，出自钢琴大师之手的“血统”赋予了它更高的<strong>收藏价值</strong>。由于木制的弦列架所造成的容易走音、体积较小导致音量较小、无法承受强大的拉力这些缺点都在往后钢琴的发展中成为了珍稀于世的元素。无论是从钢琴历史发展的角度还是从外观小巧精致的审美来看都十分具有<strong>收藏意义</strong>。</p><p><img src=\"http://120.79.189.218/images/wxsound/1-4.png\"/><span style=\"color: rgb(255, 255, 255); font-family: &quot;Microsoft YaHei&quot;; font-size: 20px;\"></span></p><p style=\"margin-top: 0px; margin-bottom: 0px; padding: 0px 119.156px; color: rgb(255, 255, 255); font-size: 20px; font-family: cursive; text-indent: 2em; line-height: 1.75em; white-space: normal;\">这架琴原本归鲁本所收藏，但有一回他因为急需用钱而将克莱门第卖给了澳大利亚的一位收藏家。这个考虑欠妥的决定也造成了鲁本终生的遗憾，每次见到胡友义便会像他表达自己的懊悔之情：“失去它是用金钱无法补偿的！如果有机会，我一定要把它买回来，让它回到我身边。”</p><p style=\"margin-top: 0px; margin-bottom: 0px; padding: 0px 119.156px; color: rgb(255, 255, 255); font-size: 20px; font-family: cursive; text-indent: 2em; line-height: 1.75em; white-space: normal;\">然而，突发的心脏病带走了鲁本，克莱门第也永远地离开了他。</p><p style=\"margin-top: 0px; margin-bottom: 0px; padding: 0px 119.156px; color: rgb(255, 255, 255); font-size: 20px; font-family: cursive; text-indent: 2em; line-height: 1.75em; white-space: normal;\">胡友义先生决定为好友弥补这份遗憾，一番努力之后得知当年从鲁本手中买下克莱门第的这位收藏家想要以自己收藏的钢琴设立一座钢琴博物馆，想要从他手中买回克莱门第的可能实属渺茫。然而就在胡友义将要淡忘这件事情的时候，这位收藏家因为婚变的缘故，藏品被迫放在佳士德拍卖行进行拍卖，胡友义以志在必得的心态为鲁本拍回了克莱门第，作为在拍卖会上最为抢手的拍品，可想而知胡友义先生在这其中花费了多少财力和心力。</p><p><img src=\"http://120.79.189.218/images/wxsound/1-5.png\"/><span style=\"color: rgb(255, 255, 255); font-family: &quot;Microsoft YaHei&quot;; font-size: 20px;\"></span></p><p class=\"bz\" style=\"margin-top: 0px; margin-bottom: 0px; padding: 0px 119.156px; color: rgb(255, 255, 255); font-size: 12px; font-family: cursive; text-indent: 2em; line-height: 1.75em; text-align: center; white-space: normal;\">胡友义先生和他最钟爱的藏品克莱门第</p><p style=\"margin-top: 0px; margin-bottom: 0px; padding: 0px 119.156px; color: rgb(255, 255, 255); font-size: 20px; font-family: cursive; text-indent: 2em; line-height: 1.75em; white-space: normal;\">胡友义先生也将这架拥有特殊意义的钢琴带来了鼓浪屿钢琴博物馆。克莱门第之于胡友义的心中是独一无二的，它代替了老友鲁本的存在，更是鲁本的遗愿。</p><p style=\"margin-top: 0px; margin-bottom: 0px; padding: 0px 119.156px; color: rgb(255, 255, 255); font-size: 20px; font-family: cursive; text-indent: 2em; line-height: 1.75em; white-space: normal;\">“嘿，老朋友，我回来了！“每当胡友义先生回到鼓浪屿钢琴博物馆做的第一件事情就是来和它打声招呼，像许久未见却又不曾离开的老友那样。故事的开头是鲁本打开家门迎接胡友义，故事的结尾，是胡友义推开博物馆的大门问候“鲁本”，克莱门第便是这段友谊的永恒见证。</p><p style=\"margin-top: 0px; margin-bottom: 0px; padding: 0px 66px; font-size: 20px; font-family: cursive; text-indent: 2em; line-height: 1.75em;\">背景音乐：意大利钢琴家穆齐奥·克莱门蒂的G大调奏鸣曲</p><p style=\"margin-top: 0px; margin-bottom: 0px; padding: 0px 66px; font-size: 20px; font-family: cursive; text-indent: 2em; line-height: 1.75em;\"><em>Muzio Clementi-Sonatina in G Major,&nbsp;Op. 36,&nbsp;No. 5</em></p><p><br/></p>', '', '', '', '', '0', '1', '1538990351', '1538990351');
INSERT INTO `smart_article` VALUES ('20', '贝森朵夫 Bösendorfer', '伊格纳茨•贝森朵夫', '10', '<p style=\"margin-top: 0px; margin-bottom: 0px; padding: 0px 119.156px; color: rgb(255, 255, 255); font-size: 20px; font-family: cursive; text-indent: 2em; line-height: 1.75em; white-space: normal;\">阳光倾泻的午后，白茫茫的灰尘在透过窗户打进房间的缕缕光线中流动。掀开一架被厚厚绒布罩住的钢琴，映入眼帘的是一对被精心地镂雕在谱架上的美人鱼，中间的椭圆镜框还镶着古典音乐大师莫扎特的头像；钢琴踏板上两只形态极为优美的鱼构成里拉琴的形状；每条琴腿都雕刻着栩栩如生的雄鹰，这架六尺大小的三角钢琴便是今天的主角，你再凑近些便能看见第一个字母镶嵌着贝壳和金丝的小牌标——“贝森朵夫”（Bösendorfer）。</p><p><img src=\"http://120.79.189.218/images/wxsound/2-1.png\"/><span style=\"color: rgb(255, 255, 255); font-family: &quot;Microsoft YaHei&quot;; font-size: 20px;\"></span></p><p class=\"bz\" style=\"margin-top: 0px; margin-bottom: 0px; padding: 0px 119.156px; color: rgb(255, 255, 255); font-size: 12px; font-family: cursive; text-indent: 2em; line-height: 1.75em; text-align: center; white-space: normal;\">Bösendorfer in 鼓浪屿钢琴博物馆</p><p style=\"margin-top: 0px; margin-bottom: 0px; padding: 0px 119.156px; color: rgb(255, 255, 255); font-size: 20px; font-family: cursive; text-indent: 2em; line-height: 1.75em; white-space: normal;\">贝森朵夫于1828年创办在莫扎特、贝多芬、舒伯特、李斯特等伟大音乐家辈出的“音乐之都维也纳”。凭借其被称之为“维也纳音调”的动听音色和结构牢固、能承受钢琴家强劲的弹奏力度而声名远扬，毕竟它是一架能经受住李斯特超高技巧和激情演奏的钢琴，要知道在那时候，钢琴对于李斯特来说几乎相当于一次性用品，在他弹奏完2-3首曲子后的钢琴基本不能再使用了。1830年奥地利国王授予伊格纳茨•贝森朵夫（Ignaz Bösendorfer，1763-1848）“皇家钢琴制造师”的头衔，也是头位获此头衔的钢琴制造师。</p><p><img src=\"http://120.79.189.218/images/wxsound/2-2.png\"/><span style=\"color: rgb(255, 255, 255); font-family: &quot;Microsoft YaHei&quot;; font-size: 20px;\"></span></p><p class=\"bz\" style=\"margin-top: 0px; margin-bottom: 0px; padding: 0px 119.156px; color: rgb(255, 255, 255); font-size: 12px; font-family: cursive; text-indent: 2em; line-height: 1.75em; text-align: center; white-space: normal;\">李斯特用贝森朵夫演奏</p><p style=\"margin-top: 0px; margin-bottom: 0px; padding: 0px 119.156px; color: rgb(255, 255, 255); font-size: 20px; font-family: cursive; text-indent: 2em; line-height: 1.75em; white-space: normal;\">今天的背景音乐也是来自一位和维也纳有着深厚渊源的作曲家勃拉姆斯(Johannes Brahms,1833—1897)，出生于德国的勃拉姆斯大部份创作时期都在维也纳度过，是&nbsp;<strong>维也纳的音乐领袖人物</strong>。他一生创作的最后一首钢琴协奏曲：降B大调第二钢琴协奏曲是他的代表作之一，也是“世界三大最难钢琴协奏曲”中的一员。</p><p><img src=\"http://120.79.189.218/images/wxsound/2-3.png\"/><span style=\"color: rgb(255, 255, 255); font-family: &quot;Microsoft YaHei&quot;; font-size: 20px;\"></span></p><p class=\"bz\" style=\"margin-top: 0px; margin-bottom: 0px; padding: 0px 119.156px; color: rgb(255, 255, 255); font-size: 12px; font-family: cursive; text-indent: 2em; line-height: 1.75em; text-align: center; white-space: normal;\">Johannes Brahms</p><p style=\"margin-top: 0px; margin-bottom: 0px; padding: 0px 119.156px; color: rgb(255, 255, 255); font-size: 20px; font-family: cursive; text-indent: 2em; line-height: 1.75em; white-space: normal;\">典藏于鼓浪屿钢琴博物馆的这架博森多福（Bösendorfer／贝森朵夫），有着显赫的身世，是伊格纳茨•贝森朵夫的儿子Ludwig Bösendorfer（1835-1919）为奥匈帝国皇帝弗兰西斯·约瑟夫的游艇量身打造的。如前文所描述的那样，精美绝伦的外观让它更像是一件独具匠心的艺术品。</p><p><img src=\"http://120.79.189.218/images/wxsound/2-4.png\"/><span style=\"color: rgb(255, 255, 255); font-family: &quot;Microsoft YaHei&quot;; font-size: 20px;\"></span></p><p class=\"bz\" style=\"margin-top: 0px; margin-bottom: 0px; padding: 0px 119.156px; color: rgb(255, 255, 255); font-size: 12px; font-family: cursive; text-indent: 2em; line-height: 1.75em; text-align: center; white-space: normal;\">Ludwig Bösendorfer为弗兰西斯·约瑟夫演奏</p><p style=\"margin-top: 0px; margin-bottom: 0px; padding: 0px 90px; font-size: 20px; font-family: cursive; text-indent: 2em; line-height: 1.75em;\">背景音乐：勃拉姆斯的降B大调第二钢琴协奏曲第三乐章</p><p style=\"margin-top: 0px; margin-bottom: 0px; padding: 0px 90px; font-size: 20px; font-family: cursive; text-indent: 2em; line-height: 1.75em;\"><em>Piano Concerto No. 2 in B flat major, Op. 83 - 3. Andante - Più adagio</em></p><p><br/></p>', '', '', '', '', '0', '1', '1538990528', '1538990528');
INSERT INTO `smart_article` VALUES ('21', '布鲁斯纳 Bluthner', '天使', '10', '<p style=\"margin-top: 0px; margin-bottom: 0px; padding: 0px 119.156px; color: rgb(255, 255, 255); font-size: 20px; font-family: cursive; text-indent: 2em; line-height: 1.75em; white-space: normal;\">2000年，鼓浪屿钢琴博馆正式在菽庄花园“听涛轩”开馆。胡友义先生激动地说：“无论在世界的任何地方，鼓浪屿都是我永远的故乡，我把毕生收藏的钢琴放在这里展览，是将我自己最珍爱的东西搬回家。”说这番话的时候，胡友义先生的眼眶里有晶莹的泪花在阳光下闪烁，此情此景，感动了所有在场的嘉宾和记者。</p><p style=\"margin-top: 0px; margin-bottom: 0px; padding: 0px 119.156px; color: rgb(255, 255, 255); font-size: 20px; font-family: cursive; text-indent: 2em; line-height: 1.75em; white-space: normal;\">可只有胡友义先生的太太黄玉莲女士才知道，泪水背后是一份儿子对母亲的深深愧疚和无尽思念。</p><p style=\"margin-top: 0px; margin-bottom: 0px; padding: 0px 119.156px; color: rgb(255, 255, 255); font-size: 20px; font-family: cursive; text-indent: 2em; line-height: 1.75em; white-space: normal;\">在1999年的年末，胡友义先生因为忙于鼓浪屿钢琴博物馆的筹备事宜，没能回到墨尔本照顾生病的母亲林碧玉，连圣诞节都是在鼓浪屿度过的。1月8日开馆当天，哥哥打来电话告知说母亲住进医院抢救的事情，胡友义先生在开馆仪式结束的当晚就飞回墨尔本照顾母亲。</p><p><img src=\"http://120.79.189.218/images/wxsound/3-1.png\"/><span style=\"color: rgb(255, 255, 255); font-family: &quot;Microsoft YaHei&quot;; font-size: 20px;\"></span></p><p style=\"margin-top: 0px; margin-bottom: 0px; padding: 0px 119.156px; color: rgb(255, 255, 255); font-size: 20px; font-family: cursive; text-indent: 2em; line-height: 1.75em; white-space: normal;\">走进病房，慈爱的母亲虚弱地躺在病床上，以幸福的微笑欢迎久违的儿子。就这样，胡友义先生终日陪伴在母亲的病床边，尽可能地让遭受病痛的母亲开心一些。出院后的母亲住进了墨尔本的养老院修养。躺在病床上的她，依然诚奉基督，虽然身体很虚弱，她仍然会一丝不苟地唱着自己最爱的圣诗《至好朋友就是耶稣》，老人院的同伴都说像是天使在唱歌。</p><p style=\"margin-top: 0px; margin-bottom: 0px; padding: 0px 119.156px; color: rgb(255, 255, 255); font-size: 20px; font-family: cursive; text-indent: 2em; line-height: 1.75em; white-space: normal;\">2000年的12月24日，随着平安夜的降临，林碧玉老人静静地离开了人世。母亲走得无比安详，胡友义先生相信，那一刻母亲一定见到了天使。</p><p><img src=\"http://120.79.189.218/images/wxsound/3-2.png\"/><span style=\"color: rgb(255, 255, 255); font-family: &quot;Microsoft YaHei&quot;; font-size: 20px;\"></span></p><p style=\"margin-top: 0px; margin-bottom: 0px; padding: 0px 119.156px; color: rgb(255, 255, 255); font-size: 20px; font-family: cursive; text-indent: 2em; line-height: 1.75em; white-space: normal;\">为了纪念母亲，胡友义先生用母亲留给自己的现金遗产，买下了一架1937年产于德国的布鲁斯纳（Bluthner）三角九尺钢琴。这架制造时间和胡友义生年相近的钢琴里住着一份思念和一位天使，而这位住在钢琴里的天使，便是胡友义先生的母亲。</p><p><img src=\"http://120.79.189.218/images/wxsound/3-3.png\"/><span style=\"color: rgb(255, 255, 255); font-family: &quot;Microsoft YaHei&quot;; font-size: 20px;\"></span></p><p style=\"margin-top: 0px; margin-bottom: 0px; padding: 0px 75.5938px; font-size: 20px; font-family: cursive; text-indent: 2em; line-height: 1.75em;\">背景音乐：<em>Antonin Leopold Dvorak - Song&nbsp;My&nbsp;Mother&nbsp;Taught&nbsp;Me</em></p><p><br/></p>', '', '', '', '', '0', '1', '1538990594', '1538990594');
INSERT INTO `smart_article` VALUES ('22', '施坦威 Steinway', '约尔格·德慕斯', '10', '<p style=\"margin-top: 0px; margin-bottom: 0px; padding: 0px 119.156px; color: rgb(255, 255, 255); font-size: 20px; font-family: cursive; text-indent: 2em; line-height: 1.75em; white-space: normal;\">相信就算是对于没有学过钢琴，甚至是对钢琴没有过多了解的人都一定知道或者听过这个被誉为“世界最知名的钢琴品牌”—施坦威（Steinway）。</p><p style=\"margin-top: 0px; margin-bottom: 0px; padding: 0px 119.156px; color: rgb(255, 255, 255); font-size: 20px; font-family: cursive; text-indent: 2em; line-height: 1.75em; white-space: normal;\">胡友义先生收藏的这架音色“清奇幽雅，悲壮悠长”的施坦威古钢琴，1888年生产于美国纽约，也是19世纪世界钢琴制造的巅峰之作。上个世纪初著名的钢琴家、曾任波兰总理的帕德列夫斯基（Ignacy Jan Paderewski，1860—1941）在澳大利亚开演奏会时使用的就是这架九尺三角施坦威。</p><p><img src=\"/uploads/remote/5bbb2232391f1.png\"/><span style=\"color: rgb(255, 255, 255); font-family: &quot;Microsoft YaHei&quot;; font-size: 20px;\"></span></p><p style=\"margin-top: 0px; margin-bottom: 0px; padding: 0px 119.156px; color: rgb(255, 255, 255); font-size: 20px; font-family: cursive; text-indent: 2em; line-height: 1.75em; white-space: normal;\">它最早被澳大利亚的一位富豪所收藏，这位富豪的儿子因为十分喜爱这架钢琴就把它收藏到了一座大庄园内，胡先生的好友，著名钢琴家托萨年轻时曾经到过这个庄园开演奏会，对胡先生多次提起这架施坦威。在富豪的儿子去世后，这架保存相当完好的古钢琴在庄园内静静地“沉睡”了17年。2002年，托萨的越洋电话告诉胡先生一个激动人心的消息，这架施坦威要进行拍卖，身在鼓浪屿的胡先生火速赶回澳大利亚，以高价收购了这架钢琴。</p><p><img src=\"/uploads/remote/5bbb2232b8536.png\"/><span style=\"color: rgb(255, 255, 255); font-family: &quot;Microsoft YaHei&quot;; font-size: 20px;\"></span></p><p style=\"margin-top: 0px; margin-bottom: 0px; padding: 0px 119.156px; color: rgb(255, 255, 255); font-size: 20px; font-family: cursive; text-indent: 2em; line-height: 1.75em; white-space: normal;\">在100年后，这架钢琴依然在续写传奇。除了不断的巡演之外，它还是一段珍贵友谊的“见证者”。“维也纳学派三杰”之一的奥地利钢琴大师约尔格·德慕斯先生与胡友义先生是互相仰望多年的好朋友，2013年5月17日，已85岁高龄的德慕斯先生在鼓浪屿音乐厅的独奏音乐会上用它演奏了舒曼和贝多芬的作品，对于它醇厚完美的音色，同为古钢琴收藏家的德慕斯先生在试奏的时候就爱上了这架珍贵的古董钢琴。大师还主动提出用它录制专供CD，献给鼓浪屿钢琴博物馆和好友胡友义先生。</p><p style=\"margin-top: 0px; margin-bottom: 0px; padding: 0px 50.3906px; font-size: 20px; font-family: cursive; text-indent: 2em; line-height: 1.75em;\">背景音乐：Robert&nbsp;Schumann — Traumerei</p><p><br/></p>', '', '', '', '', '0', '1', '1538990644', '1538990644');
INSERT INTO `smart_article` VALUES ('23', '巴士克 PASQUALE&CO', '手摇街头钢琴', '10', '<p style=\"margin-top: 0px; margin-bottom: 0px; padding: 0px 119.156px; color: rgb(255, 255, 255); font-size: 20px; font-family: cursive; text-indent: 2em; line-height: 1.75em; white-space: normal;\">把音乐盒举到耳边，小心翼翼地摇着手柄，听音符一个一个从盒子里蹦出来，连成乐句，然后如此循环往复。</p><p><img src=\"http://120.79.189.218/images/wxsound/5-1.png\"/><span style=\"color: rgb(255, 255, 255); font-family: &quot;Microsoft YaHei&quot;; font-size: 20px;\"></span></p><p style=\"margin-top: 0px; margin-bottom: 0px; padding: 0px 119.156px; color: rgb(255, 255, 255); font-size: 20px; font-family: cursive; text-indent: 2em; line-height: 1.75em; white-space: normal;\">今天要说的便是钢琴版的音乐盒，音乐盒通过发条带动滚筒旋转，滚筒上的焊点拨动芯片细条边缘，震动发出声音，旋转一周从而形成乐章的发声原理和这架巴士克（PASQUALE&amp;CO）有异曲同工之妙。</p><p><img src=\"http://120.79.189.218/images/wxsound/5-2.png\"/><span style=\"color: rgb(255, 255, 255); font-family: &quot;Microsoft YaHei&quot;; font-size: 20px;\"></span></p><p style=\"margin-top: 0px; margin-bottom: 0px; padding: 0px 119.156px; color: rgb(255, 255, 255); font-size: 20px; font-family: cursive; text-indent: 2em; line-height: 1.75em; white-space: normal;\">巴士克1899年产于英国伦敦。在钢琴制造史上，源出意大利的巴士克家族以制造这种手摇钢琴而十分闻名。这架手摇的街头钢琴，是早期小贩们拉到闹市上做买卖的时候用的。此琴的曲子是设定好的，总共有10首曲子，每首持续大约45秒。琴的内部有一个大圆桶，桶上有许多小钉，每一个钉子都准确地按音符的位置钉上，当摇动把手时，小钉便碰击琴槌，使琴槌击弦发音。这样的街头钢琴传世稀少，因而在许多钢琴专著中，它都拥有重要的“一席之地”。</p><p><img src=\"http://120.79.189.218/images/wxsound/5-3.png\"/><span style=\"color: rgb(255, 255, 255); font-family: &quot;Microsoft YaHei&quot;; font-size: 20px;\"></span></p><p style=\"margin-top: 0px; margin-bottom: 0px; padding: 0px 73.1875px; font-size: 20px; font-family: cursive; text-indent: 2em; line-height: 1.75em;\">背景音乐：&nbsp;<em>Eric Alfred Leslie Satie —&nbsp;Gymnopedies:&nbsp;No.&nbsp;1</em></p><p><br/></p>', '', '', '', '', '0', '1', '1538990693', '1538990693');
INSERT INTO `smart_article` VALUES ('24', '里彭 PIRPEN', '最小三角钢琴', '10', '<p style=\"margin-top: 0px; margin-bottom: 0px; padding: 0px 119.156px; color: rgb(255, 255, 255); font-size: 20px; font-family: cursive; text-indent: 2em; line-height: 1.75em; white-space: normal;\">荷兰人似乎对于乐器有着特殊的“发明情节”，他们总是喜欢把各种各样的奇思妙想用在发明乐器上。</p><p style=\"margin-top: 0px; margin-bottom: 0px; padding: 0px 119.156px; color: rgb(255, 255, 255); font-size: 20px; font-family: cursive; text-indent: 2em; line-height: 1.75em; white-space: normal;\">比如这位来自荷兰的钢琴家、作曲家Jeroen Van Veen（叶龙·范·维恩）。因为和两位儿子就“能否用乐高制造出三角钢琴以及三角部分的圆形弧度”的讨论，而开始了这场充满童趣味的创造。</p><p><img src=\"http://120.79.189.218/images/wxsound/6-1.png\"/><span style=\"color: rgb(255, 255, 255); font-family: &quot;Microsoft YaHei&quot;; font-size: 20px;\"></span></p><p style=\"margin-top: 0px; margin-bottom: 0px; padding: 0px 119.156px; color: rgb(255, 255, 255); font-size: 20px; font-family: cursive; text-indent: 2em; line-height: 1.75em; white-space: normal;\">两年半后，这架用30000块二手乐高搭建而成的三角钢琴就此诞生了，甚至连琴弦都是由积木组成。但乐高钢琴并不只是一个摆设，原本范·维恩想要连琴键都用乐高取代，但由于不够精准所以最终还是采用了midi键盘，通过连接电脑发声。除此之外，他还用积木在钢琴上加上了简单的打击乐器。收藏于鼓浪屿钢琴博物馆的这架制造于1948年的立式三角钢琴-理彭，同样也是荷兰人奇思妙想的产物。</p><p><img src=\"http://120.79.189.218/images/wxsound/6-2.png\"/><span style=\"color: rgb(255, 255, 255); font-family: &quot;Microsoft YaHei&quot;; font-size: 20px;\"></span></p><p style=\"margin-top: 0px; margin-bottom: 0px; padding: 0px 119.156px; color: rgb(255, 255, 255); font-size: 20px; font-family: cursive; text-indent: 2em; line-height: 1.75em; white-space: normal;\">与一般的三角钢琴完全不同，它可以说是世界上占地最小的三角钢琴，因为它的“三角部份”不是与地面平行，而是与地面垂直的。但由于这只是荷兰人的实验品，因此存世极少，也算是非常罕见而珍贵的藏品了。</p><p style=\"margin-top: 0px; margin-bottom: 0px; padding: 0px 100.797px; font-size: 20px; font-family: cursive; text-indent: 2em; line-height: 1.75em;\">背景音乐：&nbsp;<em>Concerto For Piano And Orchestra No·5 in&nbsp;F minor BWV1056 : II. Largo</em></p><p><br/></p>', '', '', '', '', '0', '1', '1538990740', '1538991810');
INSERT INTO `smart_article` VALUES ('25', '缪伍德 Muir Wood', '古老四角钢琴', '10', '<p style=\"margin-top: 0px; margin-bottom: 0px; padding: 0px 119.156px; color: rgb(255, 255, 255); font-size: 20px; font-family: cursive; text-indent: 2em; line-height: 1.75em; white-space: normal;\">缪伍德（Muir Wood）钢琴是鼓浪屿钢琴博物馆中最古老的钢琴，老得甚至没有钢琴踏板。钢琴踏板是18世纪80年代发明的，而这架于1788年“出生”在苏格兰的古董钢琴，还没有钢琴踏板，键盘下的一根推杆所起的作用就是现代钢琴踏板的作用，演奏者在演奏时，用膝盖碰触这跟推杆，使弹奏的音响更为优美。</p><p><img src=\"/uploads/remote/5bbb22d2b3f7d.png\"/><span style=\"color: rgb(255, 255, 255); font-family: &quot;Microsoft YaHei&quot;; font-size: 20px;\"></span></p><p style=\"margin-top: 0px; margin-bottom: 0px; padding: 0px 119.156px; color: rgb(255, 255, 255); font-size: 20px; font-family: cursive; text-indent: 2em; line-height: 1.75em; white-space: normal;\">在音乐史上，缪伍德是很著名的钢琴，不过它的出名方式却有些“另类”：当年肖邦曾在苏格兰住过一段时间，钟情于法国普莱耶尔钢琴的肖邦，对只能弹奏苏格兰“土产”的缪伍德十分郁闷，于是在自己的著作中，留下了对缪伍德钢琴的不少微词。缪伍德钢琴传世很少，在它诞生的年代，钢琴并不流行，而且当时还很时髦将钢琴改造为家具，四角钢琴缪伍德是改造书桌的绝佳钢琴，因此流传下来、并保存完好的缪伍德少之又少。</p><p style=\"margin-top: 0px; margin-bottom: 0px; padding: 0px 81.5938px; font-size: 20px; font-family: cursive; text-indent: 2em; line-height: 1.75em;\">背景音乐：&nbsp;<em>Symphony No.3 in A Minor,Op.56,III. Con moto moderato</em></p><p><br/></p>', '', '', '', '', '0', '1', '1538990804', '1538990804');
INSERT INTO `smart_article` VALUES ('26', '科尔门 Kirkman ', '鎏金钢琴', '10', '<p style=\"margin-top: 0px; margin-bottom: 0px; padding: 0px 119.156px; color: rgb(255, 255, 255); font-size: 20px; font-family: cursive; text-indent: 2em; line-height: 1.75em; white-space: normal;\">如果你现在到任何一个网站搜索科尔门钢琴（Kirkman piano），几乎搜索不到什么与之有关的消息，这个在1960年就彻底停产的钢琴品牌已经成为一个历史。</p><p style=\"margin-top: 0px; margin-bottom: 0px; padding: 0px 119.156px; color: rgb(255, 255, 255); font-size: 20px; font-family: cursive; text-indent: 2em; line-height: 1.75em; white-space: normal;\">科尔门的创始人是一位来自德国的大键琴制造师——雅各布·科尔奇曼（Jacob Kirchmann），1740年，雅各布移民到伦敦并改名为雅各布·科尔门（Jacob Kirkman）。来到英国的雅各布还是重操旧业，继续制造大键琴和钢琴，并以自己的名字科尔门（kirkman）创立了品牌。凭借着自己专业严谨的态度和手艺，雅各布的钢琴创业之路十分成功，1778年去世的时候已经是一位十分富有的人了。</p><p style=\"margin-top: 0px; margin-bottom: 0px; padding: 0px 119.156px; color: rgb(255, 255, 255); font-size: 20px; font-family: cursive; text-indent: 2em; line-height: 1.75em; white-space: normal;\">在那之后，雅各布的儿子继承了科尔门，并在19世纪的欧洲保持着良好的业界声誉直至品牌决定停产，将品牌永远地停留在了浪漫主义时期。</p><p style=\"margin-top: 0px; margin-bottom: 0px; padding: 0px 119.156px; color: rgb(255, 255, 255); font-size: 20px; font-family: cursive; text-indent: 2em; line-height: 1.75em; white-space: normal;\">收藏于鼓浪屿钢琴博物馆的科尔门，是一架诞生于1862年稀世罕见的鎏金钢琴。有专家推断，铸铁板上的鎏金花纹应该是模仿明代宣德炉上的图案，用纯黄金浇铸而成的。</p><p><img src=\"http://120.79.189.218/images/wxsound/8-1.png\"/><span style=\"color: rgb(255, 255, 255); font-family: &quot;Microsoft YaHei&quot;; font-size: 20px;\"></span></p><p class=\"bz\" style=\"margin-top: 0px; margin-bottom: 0px; padding: 0px 119.156px; color: rgb(255, 255, 255); font-size: 12px; font-family: cursive; text-indent: 2em; line-height: 1.75em; text-align: center; white-space: normal;\">／明代宣德炉／</p><p style=\"margin-top: 0px; margin-bottom: 0px; padding: 0px 119.156px; color: rgb(255, 255, 255); font-size: 20px; font-family: cursive; text-indent: 2em; line-height: 1.75em; white-space: normal;\">它产于浪漫主义时期，整架钢琴看起来雕琢精美而气质华丽，它的外壳是用上等的桃花芯木制成的，谱架旁的烛台板可以移动，在夜晚演奏时，将烛台板移出来就能照到谱架上的乐谱。</p><p><img src=\"http://120.79.189.218/images/wxsound/8-2.png\"/><span style=\"color: rgb(255, 255, 255); font-family: &quot;Microsoft YaHei&quot;; font-size: 20px;\"></span></p><p class=\"bz\" style=\"margin-top: 0px; margin-bottom: 0px; padding: 0px 119.156px; color: rgb(255, 255, 255); font-size: 12px; font-family: cursive; text-indent: 2em; line-height: 1.75em; text-align: center; white-space: normal;\">／科尔门 Kirkman／</p><p style=\"margin-top: 0px; margin-bottom: 0px; padding: 0px 85.1875px; font-size: 20px; font-family: cursive; text-indent: 2em; line-height: 1.75em;\">背景音乐：&nbsp;<em>Rachmaninov - Symphony No.2 in E Minor,Op.27-III. Adagio</em></p><p><br/></p>', '', '', '', '', '0', '1', '1538990847', '1538990847');
INSERT INTO `smart_article` VALUES ('27', '松玛 THUNMER', '220英镑', '10', '<p style=\"margin-top: 0px; margin-bottom: 0px; padding: 0px 119.156px; color: rgb(255, 255, 255); font-size: 20px; font-family: cursive; text-indent: 2em; line-height: 1.75em; white-space: normal;\">在早期的贵族家庭中，人们会通过服饰、颜色和珠宝来彰显自己的地位，同时，钢琴也属于只有贵族家庭才能够拥有的乐器。除了是家庭中的摆设品之外，它也是身份的象征。</p><p><img src=\"/uploads/remote/5bbb23310b1e7.png\"/><span style=\"color: rgb(255, 255, 255); font-family: &quot;Microsoft YaHei&quot;; font-size: 20px;\"></span></p><p style=\"margin-top: 0px; margin-bottom: 0px; padding: 0px 119.156px; color: rgb(255, 255, 255); font-size: 20px; font-family: cursive; text-indent: 2em; line-height: 1.75em; white-space: normal;\">这架于1905年在德国制造的松玛牌钢琴至今还保存得完美如新，而且还留有当初购置这台钢琴的凭证——一张发票和一把钥匙。发票上标明当时这架钢琴的价格是220英镑，据说，当时人均月薪还不足两英镑，足可看出这架钢琴在当时是非常名贵的，低得上一个普通人十几年的工资。</p><p style=\"margin-top: 0px; margin-bottom: 0px; padding: 0px 58.7969px; font-size: 20px; font-family: cursive; text-indent: 2em; line-height: 1.75em;\">背景音乐：<em>&nbsp;Bach—Prelude in B minor，BWV 855a</em></p><p><br/></p>', '', '', '', '', '0', '1', '1538990898', '1538990898');
INSERT INTO `smart_article` VALUES ('28', '伦德 Linder', '蹩脚的钢琴', '10', '<p style=\"margin-top: 0px; margin-bottom: 0px; padding: 0px 119.156px; color: rgb(255, 255, 255); font-size: 20px; font-family: cursive; text-indent: 2em; line-height: 1.75em; white-space: normal;\">这是一架你去百度百科和Google都搜不到的钢琴——伦德（Linder），因此今天的文章对这架1945年生产于爱尔兰的钢琴并没有过多的赘述。</p><p style=\"margin-top: 0px; margin-bottom: 0px; padding: 0px 119.156px; color: rgb(255, 255, 255); font-size: 20px; font-family: cursive; text-indent: 2em; line-height: 1.75em; white-space: normal;\">不过这也从另一个角度证明了鼓浪屿钢琴博物馆存在的价值和意义，让我们仍有机会能看到那些绝版的钢琴，见证它的发展过程。</p><p><img src=\"/uploads/remote/5bbb23557b71c.png\"/><span style=\"color: rgb(255, 255, 255); font-family: &quot;Microsoft YaHei&quot;; font-size: 20px;\"></span></p><p class=\"bz\" style=\"margin-top: 0px; margin-bottom: 0px; padding: 0px 119.156px; color: rgb(255, 255, 255); font-size: 12px; font-family: cursive; text-indent: 2em; line-height: 1.75em; text-align: center; white-space: normal;\">伦德</p><p style=\"margin-top: 0px; margin-bottom: 0px; padding: 0px 119.156px; color: rgb(255, 255, 255); font-size: 20px; font-family: cursive; text-indent: 2em; line-height: 1.75em; white-space: normal;\">由于这家收藏于鼓浪屿钢琴博物馆的伦德，大部分都采用塑料作为原材料。价格便宜的同时是质量不够理想，损坏后就不能更换，所以这种钢琴很快就被淘汰了。它也可以说是世界上最蹩脚的钢琴。</p><p style=\"margin-top: 0px; margin-bottom: 0px; padding: 0px 37.1875px; font-size: 20px; font-family: cursive; text-indent: 2em; line-height: 1.75em;\">背景音乐：&nbsp;<em>Brahms —Lullaby</em></p><p><br/></p>', '', '', '', '', '0', '1', '1538990935', '1538990935');
INSERT INTO `smart_article` VALUES ('29', '普莱耶尔 pleyel', '伊纳兹·普莱耶尔', '10', '<p style=\"margin-top: 0px; margin-bottom: 0px; padding: 0px 119.156px; color: rgb(255, 255, 255); font-size: 20px; font-family: cursive; text-indent: 2em; line-height: 1.75em; white-space: normal;\">伊纳兹·普莱耶尔（Igrlaz pleyel）是一位著名的音乐家、交响乐及歌剧作曲家，热衷于乐器制作。1807年在她50岁时制造出第一架钢琴，1910年，普莱耶尔钢琴发展到顶峰，主导了法国钢琴市场。肖邦曾说：“当我灵感涌现或我强烈地想发出心灵的乐声时，我非得有一架普莱耶尔不可。”</p><p style=\"margin-top: 0px; margin-bottom: 0px; padding: 0px 119.156px; color: rgb(255, 255, 255); font-size: 20px; font-family: cursive; text-indent: 2em; line-height: 1.75em; white-space: normal;\">钢琴博物馆内有两架非常与众不同的普莱耶尔。一架产于1868年的普莱耶尔“身世”极为显赫，它是普莱耶尔公司为法国皇帝拿破仑三世特别定制的钢琴，这位皇帝十分喜爱这架钢琴，便将它放在自己的宫殿中。这架钢琴的外表十分奢华精美，制造它的工匠以极为高超的细木工手艺为它的琴身镶满了五彩缤纷的花朵，它靠前的两个琴脚上还装饰着金色的、张开双翼的女神，虽然经历了100多年历史，但它依然美轮美奂，显露出不凡的皇家气派。这架钢琴是胡友义先生毕生收藏中最精美的珍品，也是他本人最钟爱的藏品之一。</p><p><img src=\"/uploads/remote/5bbb237de8686.png\"/><span style=\"color: rgb(255, 255, 255); font-family: &quot;Microsoft YaHei&quot;; font-size: 20px;\"></span></p><p style=\"margin-top: 0px; margin-bottom: 0px; padding: 0px 119.156px; color: rgb(255, 255, 255); font-size: 20px; font-family: cursive; text-indent: 2em; line-height: 1.75em; white-space: normal;\">另一架产于1877年的普莱耶尔则拥有银色的铸铁板，这是它独一无二的原因所在，因为几乎所有的钢琴，铸铁板都是金色的。这架普莱耶尔的琴身还镶嵌有极为精致的鎏金线条，十分美丽优雅。</p><p><img src=\"/uploads/remote/5bbb237e975cc.png\"/><span style=\"color: rgb(255, 255, 255); font-family: &quot;Microsoft YaHei&quot;; font-size: 20px;\"></span></p><p style=\"margin-top: 0px; margin-bottom: 0px; padding: 0px 87.5938px; font-size: 20px; font-family: cursive; text-indent: 2em; line-height: 1.75em;\">背景音乐：<em>&nbsp;Claudio&nbsp;Arrau&nbsp;-&nbsp;Nocturne&nbsp;No.1&nbsp;in&nbsp;B&nbsp;flat&nbsp;minor,&nbsp;Op.9&nbsp;No.1&nbsp;</em></p><p><br/></p>', '', '', '', '', '0', '1', '1538990975', '1538990975');
INSERT INTO `smart_article` VALUES ('30', '科勒德 Collard', '科勒德&科勒德', '10', '					<p style=\"margin-top: 0px; margin-bottom: 0px; padding: 0px 119.156px; color: rgb(255, 255, 255); font-size: 20px; font-family: cursive; text-indent: 2em; line-height: 1.75em; white-space: normal;\"><span style=\"color: rgb(0, 0, 0);\">科勒德&amp;科勒德（Collard&amp;Sons）钢琴诞生于1767年的英国伦敦。要介绍这个品牌，一定不能跳过一位伟大的钢琴家，如果恰好你有关注我们每期的睡前电台的话，对于克莱门蒂这个名字你一定不会感到陌生。</span></p><p style=\"margin-top: 0px; margin-bottom: 0px; padding: 0px 119.156px; color: rgb(255, 255, 255); font-size: 20px; font-family: cursive; text-indent: 2em; line-height: 1.75em; white-space: normal;\"><span style=\"color: rgb(0, 0, 0);\">克莱门蒂是钢琴音色和品质的塑造者，科勒德是一个机械天才，被授予多项钢琴设计和制造专利与荣誉。两者的结合再加上钢琴奏鸣曲之父克莱门蒂的名声，品牌自然名声大噪。</span></p><p><img src=\"/uploads/remote/5bbb23a4ab6ce.png\"/><span style=\"font-family: &quot;Microsoft YaHei&quot;; font-size: 20px; color: rgb(0, 0, 0);\"></span></p><p style=\"margin-top: 0px; margin-bottom: 0px; padding: 0px 119.156px; color: rgb(255, 255, 255); font-size: 20px; font-family: cursive; text-indent: 2em; line-height: 1.75em; white-space: normal;\"><span style=\"color: rgb(0, 0, 0);\">鼓浪屿钢琴博物馆这架1811年制造的科勒德（Collard）钢琴，是最早成型的立式钢琴，可以说是现代立式钢琴的前身。它稀有之处是只有一个踏板，通常一般的钢琴都有2至4个踏板。历经200余年岁月，这架钢琴依然美丽精致，琴板上的雕花洋溢着典型的欧洲风格，连琴上的古老烛台都保存完好，熠熠发光。这架科勒德钢琴是一位名叫施密特的老太太的心爱之物，二战期间，由英国来到澳大利亚。1988年，耄耋之年的施密特太太要搬到养老院居住，而养老院的房间放不下这架钢琴，老太太像相亲一般，为自己视如亲人的钢琴找到了“新家”——胡友义先生的胡氏山庄。</span></p><p style=\"margin-top: 0px; margin-bottom: 0px; padding: 0px 115.188px; font-size: 20px; font-family: cursive; text-indent: 2em; line-height: 1.75em;\"><span style=\"color: rgb(0, 0, 0);\">背景音乐：&nbsp;<em>Mozart Concerto&nbsp;No.&nbsp;23&nbsp;in&nbsp;A&nbsp;Major&nbsp;for&nbsp;Piano&nbsp;and&nbsp;Orchestra,&nbsp;K.&nbsp;488:&nbsp;II.&nbsp;Adagio/em&gt;</em></span></p><p><br/></p>				', '', '', '', '', '0', '1', '1538991014', '1544681832');
INSERT INTO `smart_article` VALUES ('31', '名琴之声', '', '7', null, '', '', '', '', '0', '-1', '1539335980', '1544671350');
INSERT INTO `smart_article` VALUES ('32', '名琴之声', '', '7', null, '', '', '', '', '0', '-1', '1539336073', '1544689169');
INSERT INTO `smart_article` VALUES ('33', '名琴之声', '', '7', null, '', '', '', '', '0', '-1', '1539336074', '1544689169');
INSERT INTO `smart_article` VALUES ('34', '名琴之声', '', '7', null, '', '', '', '', '0', '-1', '1539336075', '1544689169');
INSERT INTO `smart_article` VALUES ('35', '123', '', '7', null, '', '', '', '', '0', '-1', '1539336088', '1544689169');
INSERT INTO `smart_article` VALUES ('36', '123', '', '7', null, '', '', '', '', '0', '-1', '1539336093', '1544689169');
INSERT INTO `smart_article` VALUES ('37', '木鱼', '', '7', null, '', '', '', '', '0', '-1', '1539569390', '1544689169');
INSERT INTO `smart_article` VALUES ('38', '', '', '7', null, '', '', '', '', '0', '-1', '1539570283', '1544671342');
INSERT INTO `smart_article` VALUES ('39', '鼓浪屿名琴之声test2', '', '7', '					<p>test</p>				', 'http://gly-image.oss-cn-shenzhen.aliyuncs.com/2018/12/9c6ad20181213140135774.jpg', '', 'http://gly-image.oss-cn-shenzhen.aliyuncs.com/2018/12/f67ff201812131402134129.mp3', '/upload\\20181015\\cc2fdb9cfdfaa46af09f89aa7800ea54.mp4', '0', '1', '1539590382', '1544681026');
INSERT INTO `smart_article` VALUES ('40', '钢琴故事', '全额', '10', '<p>11</p>', '', '', '/upload\\20181015\\d56c7f4619ebae4aa8e633aae4781a68.mp3', '', '0', '-1', '1539590511', '1544689144');
INSERT INTO `smart_article` VALUES ('41', '微电影', '', '12', '					<p>微电影</p>				', 'http://gly-image.oss-cn-shenzhen.aliyuncs.com/2018/12/e2aae201812131406348303.jpg', '', '', 'http://gly-image.oss-cn-shenzhen.aliyuncs.com/2018/12/a72b1201812131406399822.mp4', '0', '1', '1539653895', '1544681208');
INSERT INTO `smart_article` VALUES ('42', '鼓浪屿数字新媒体', '', '16', '<p>1111</p>', '', '', '', '/upload\\20181016\\0ca01639252c8d4d5ee6dd70e1e60a8b.mp4', '0', '1', '1539653922', '1539653922');
INSERT INTO `smart_article` VALUES ('43', '', '张彤', '3', '<p>11</p>', '', '', '', '', '0', '-1', '1544173409', '1544670440');
INSERT INTO `smart_article` VALUES ('44', '鼓浪屿风琴博物馆', '', '2', '<p>11</p>', '/upload\\20181207\\bc4cd8578a77a44ae984ca695b107c3b.png', '/upload\\20181207\\bc4cd8578a77a44ae984ca695b107c3b_s.png', '', '', '0', '-1', '1544174246', '1544175376');
INSERT INTO `smart_article` VALUES ('45', '钢琴故事', '', '10', '					<p>11</p>				', '', '', '', '', '0', '-1', '1544410920', '1544689144');
INSERT INTO `smart_article` VALUES ('46', '捐赠者介绍', '', '3', '										<p>捐赠者介绍捐赠者介绍捐赠者介绍捐赠者介绍捐赠者介绍</p>								', 'http://gly-image.oss-cn-shenzhen.aliyuncs.com/2018/12/556d3201812131126025603.jpg', '', '', '', '0', '1', '1544670334', '1544671576');
INSERT INTO `smart_article` VALUES ('47', '捐赠者介绍222', '', '3', '										<p>捐赠者介绍捐赠者介绍捐赠者介绍捐赠者介绍捐赠者介绍22</p>								', '', '', '', '', '0', '-1', '1544670459', '1544671197');
INSERT INTO `smart_article` VALUES ('48', '捐赠者介绍1111100002222', '', '3', '																				<p>捐赠者介绍捐赠者介绍捐赠者介绍捐赠者介绍捐赠者介绍</p>																', '', '', '', '', '0', '-1', '1544670505', '1544671202');
INSERT INTO `smart_article` VALUES ('49', 'test111', '', '10', '					<p>test1111</p>				', 'http://gly-image.oss-cn-shenzhen.aliyuncs.com/2018/12/742a3201812131438259911.jpg', '', 'http://gly-image.oss-cn-shenzhen.aliyuncs.com/2018/12/1cf0b20181213143829806.mp3', 'http://gly-image.oss-cn-shenzhen.aliyuncs.com/2018/12/28d23201812131438351338.mp4', '0', '-1', '1544683121', '1544689144');

-- ----------------------------
-- Table structure for `smart_auth`
-- ----------------------------
DROP TABLE IF EXISTS `smart_auth`;
CREATE TABLE `smart_auth` (
  `id` int(11) unsigned NOT NULL AUTO_INCREMENT,
  `name` varchar(30) NOT NULL DEFAULT '' COMMENT '菜单名称',
  `url` varchar(255) NOT NULL DEFAULT '',
  `pid` int(11) unsigned NOT NULL DEFAULT '0',
  `path` varchar(100) NOT NULL DEFAULT '' COMMENT '路径',
  `level` int(11) unsigned NOT NULL DEFAULT '0' COMMENT '层级',
  `create_time` int(11) unsigned NOT NULL DEFAULT '0',
  `update_time` int(11) unsigned NOT NULL DEFAULT '0',
  `status` tinyint(1) NOT NULL DEFAULT '0',
  PRIMARY KEY (`id`)
) ENGINE=InnoDB AUTO_INCREMENT=27 DEFAULT CHARSET=utf8;

-- ----------------------------
-- Records of smart_auth
-- ----------------------------
INSERT INTO `smart_auth` VALUES ('1', '类目管理', '0', '0', '1@', '0', '1513133347', '1513133348', '1');
INSERT INTO `smart_auth` VALUES ('2', '类目列表', '/admin/category/index', '1', '1@2@', '1', '1513133393', '1513133494', '1');
INSERT INTO `smart_auth` VALUES ('3', '内容管理', '0', '0', '3@', '0', '1513135569', '1513135569', '1');
INSERT INTO `smart_auth` VALUES ('4', '工会信箱', '/admin/mailbox/index', '3', '3@4@', '1', '1513135593', '1513135593', '1');
INSERT INTO `smart_auth` VALUES ('5', '活动管理', '/admin/active/index', '3', '3@5@', '1', '1513135780', '1513135780', '1');
INSERT INTO `smart_auth` VALUES ('6', '工会基础', '/admin/information/index', '3', '3@6@', '1', '1513136232', '1513136232', '1');
INSERT INTO `smart_auth` VALUES ('7', '资讯管理', '0', '0', '7@', '0', '1513136248', '1513136248', '1');
INSERT INTO `smart_auth` VALUES ('8', '资讯列表', '/admin/article/index', '7', '7@8@', '1', '1513136267', '1513136267', '1');
INSERT INTO `smart_auth` VALUES ('9', '企业管理', '0', '0', '9@', '0', '1513136279', '1513136280', '1');
INSERT INTO `smart_auth` VALUES ('10', '企业列表', '/admin/companyunion/index', '9', '9@10@', '1', '1513136303', '1513136303', '1');
INSERT INTO `smart_auth` VALUES ('11', '会员列表', '/admin/user/index', '9', '9@11@', '1', '1513136325', '1513136326', '1');
INSERT INTO `smart_auth` VALUES ('12', '资金管理', '0', '0', '12@', '0', '1513136345', '1513136345', '1');
INSERT INTO `smart_auth` VALUES ('13', '财务信息', '/admin/orderfee/finance', '12', '12@13@', '1', '1513136427', '1513136427', '1');
INSERT INTO `smart_auth` VALUES ('14', '会员缴费', '/admin/orderfee/index', '12', '12@14@', '1', '1513136444', '1513136445', '1');
INSERT INTO `smart_auth` VALUES ('15', '工会补贴', '/admin/orderfee/allowance', '12', '12@15@', '1', '1513136462', '1513136463', '1');
INSERT INTO `smart_auth` VALUES ('16', '数据统计', '/admin/Statistics/index', '12', '12@16@', '1', '1513136479', '1513136479', '1');
INSERT INTO `smart_auth` VALUES ('17', '管理员管理', '0', '0', '17@', '0', '1513136500', '1513136500', '1');
INSERT INTO `smart_auth` VALUES ('18', '管理员列表', '/admin/admin/index', '17', '17@18@', '1', '1513136522', '1513136522', '1');
INSERT INTO `smart_auth` VALUES ('19', '角色列表', '/admin/role/index', '17', '17@19@', '1', '1513136540', '1513136540', '1');
INSERT INTO `smart_auth` VALUES ('20', '权限列表', '/admin/auth/index', '17', '17@20@', '1', '1513136557', '1513136557', '1');
INSERT INTO `smart_auth` VALUES ('21', '添加管理员', '/admin/admin/add', '17', '17@21@', '1', '1513143574', '1513143574', '1');
INSERT INTO `smart_auth` VALUES ('22', '添加角色', '/admin/role/add', '17', '17@22@', '1', '1513143683', '1513143683', '1');
INSERT INTO `smart_auth` VALUES ('23', '添加权限', '/admin/auth/add', '17', '17@23@', '1', '1513143736', '1513143736', '1');
INSERT INTO `smart_auth` VALUES ('24', '添加资讯', '/admin/article/add', '7', '7@24@', '1', '1513147092', '1513147092', '1');
INSERT INTO `smart_auth` VALUES ('25', '平安返厦', '/admin/unionuser/index', '3', '3@25@', '1', '1524644304', '1524644482', '1');
INSERT INTO `smart_auth` VALUES ('26', '母亲节活动', '/admin/activeuser/index', '3', '3@26@', '1', '1525844443', '1525844443', '1');

-- ----------------------------
-- Table structure for `smart_category`
-- ----------------------------
DROP TABLE IF EXISTS `smart_category`;
CREATE TABLE `smart_category` (
  `id` int(11) unsigned NOT NULL AUTO_INCREMENT,
  `name` varchar(50) NOT NULL DEFAULT '',
  `parent_id` int(10) unsigned NOT NULL DEFAULT '0',
  `listorder` int(8) unsigned NOT NULL DEFAULT '0',
  `status` tinyint(1) NOT NULL DEFAULT '0',
  `create_time` int(11) unsigned NOT NULL DEFAULT '0',
  `update_time` int(11) unsigned NOT NULL DEFAULT '0',
  PRIMARY KEY (`id`),
  KEY `parent_id` (`parent_id`) USING BTREE
) ENGINE=InnoDB AUTO_INCREMENT=48 DEFAULT CHARSET=utf8;

-- ----------------------------
-- Records of smart_category
-- ----------------------------
INSERT INTO `smart_category` VALUES ('1', '博物馆介绍', '0', '0', '1', '1537167244', '1537167244');
INSERT INTO `smart_category` VALUES ('2', '博物馆介绍', '1', '0', '1', '1537167280', '1537167280');
INSERT INTO `smart_category` VALUES ('3', '捐赠者介绍', '1', '0', '1', '1537167295', '1537167295');
INSERT INTO `smart_category` VALUES ('4', '钢琴图书馆', '0', '0', '1', '1537167346', '1537167346');
INSERT INTO `smart_category` VALUES ('5', '钢琴历史介绍', '4', '0', '1', '1537167370', '1537167370');
INSERT INTO `smart_category` VALUES ('6', '钢琴形制介绍', '4', '0', '1', '1537167396', '1537167396');
INSERT INTO `smart_category` VALUES ('7', '名琴之声', '0', '0', '1', '1537167436', '1537167436');
INSERT INTO `smart_category` VALUES ('8', '馆内藏品', '0', '0', '1', '1537167451', '1537167451');
INSERT INTO `smart_category` VALUES ('9', '藏品搜索', '8', '0', '1', '1537167489', '1537167489');
INSERT INTO `smart_category` VALUES ('10', '钢琴故事', '8', '0', '1', '1537167501', '1537167501');
INSERT INTO `smart_category` VALUES ('11', '琴书', '0', '0', '1', '1537167649', '1537167649');
INSERT INTO `smart_category` VALUES ('12', '微电影', '11', '0', '1', '1537167661', '1537167661');
INSERT INTO `smart_category` VALUES ('13', '杂志', '11', '0', '1', '1537167670', '1537167670');
INSERT INTO `smart_category` VALUES ('14', '关于我们', '0', '0', '1', '1537167705', '1537167705');
INSERT INTO `smart_category` VALUES ('15', '项目计划介绍', '14', '0', '1', '1537167741', '1537167741');
INSERT INTO `smart_category` VALUES ('16', '数字新媒体', '14', '0', '1', '1537167800', '1537167800');
INSERT INTO `smart_category` VALUES ('17', '互动装置', '14', '0', '1', '1537167812', '1537167812');
INSERT INTO `smart_category` VALUES ('18', '国家', '0', '0', '1', '1543914502', '1544015006');
INSERT INTO `smart_category` VALUES ('19', '德国', '18', '0', '1', '1543914521', '1544065335');
INSERT INTO `smart_category` VALUES ('20', '英国', '18', '0', '1', '1543914533', '1544065345');
INSERT INTO `smart_category` VALUES ('21', '美国', '18', '0', '1', '1543914561', '1544065353');
INSERT INTO `smart_category` VALUES ('22', '奥地利', '18', '0', '1', '1544065364', '1544065364');
INSERT INTO `smart_category` VALUES ('23', '荷兰', '18', '0', '1', '1544065384', '1544065384');
INSERT INTO `smart_category` VALUES ('24', '澳大利亚', '18', '0', '1', '1544065394', '1544065394');
INSERT INTO `smart_category` VALUES ('25', '爱尔兰', '18', '0', '1', '1544065405', '1544065405');
INSERT INTO `smart_category` VALUES ('26', '日本', '18', '0', '1', '1544065424', '1544065424');
INSERT INTO `smart_category` VALUES ('27', '阿根廷', '18', '0', '1', '1544065433', '1544065433');
INSERT INTO `smart_category` VALUES ('28', '苏格兰', '18', '0', '1', '1544065443', '1544065443');
INSERT INTO `smart_category` VALUES ('29', '形制', '0', '0', '1', '1544065482', '1544065482');
INSERT INTO `smart_category` VALUES ('30', '意大利', '18', '0', '1', '1544065507', '1544065518');
INSERT INTO `smart_category` VALUES ('31', '立式钢琴', '29', '0', '1', '1544065553', '1544065553');
INSERT INTO `smart_category` VALUES ('32', '三角钢琴', '29', '0', '1', '1544065565', '1544065565');
INSERT INTO `smart_category` VALUES ('33', '摇把钢琴', '29', '0', '1', '1544065582', '1544065582');
INSERT INTO `smart_category` VALUES ('34', '迷你钢琴', '29', '0', '1', '1544065611', '1544065611');
INSERT INTO `smart_category` VALUES ('35', '羽管键琴', '29', '0', '1', '1544065632', '1544065632');
INSERT INTO `smart_category` VALUES ('36', '儿童钢琴', '29', '0', '1', '1544065643', '1544065643');
INSERT INTO `smart_category` VALUES ('37', '小羽管键琴', '29', '0', '1', '1544065661', '1544065661');
INSERT INTO `smart_category` VALUES ('38', '年代', '0', '0', '1', '1544065703', '1544065703');
INSERT INTO `smart_category` VALUES ('39', '18世纪初', '38', '0', '1', '1544065722', '1544065722');
INSERT INTO `smart_category` VALUES ('40', '18世纪中', '38', '0', '1', '1544065735', '1544065735');
INSERT INTO `smart_category` VALUES ('41', '18世纪末', '38', '0', '1', '1544065749', '1544065749');
INSERT INTO `smart_category` VALUES ('42', '19世纪初', '38', '0', '1', '1544065760', '1544065760');
INSERT INTO `smart_category` VALUES ('43', '19世纪中', '38', '0', '1', '1544065771', '1544065771');
INSERT INTO `smart_category` VALUES ('44', '19世纪末', '38', '0', '1', '1544065782', '1544065782');
INSERT INTO `smart_category` VALUES ('45', '20世纪初', '38', '0', '1', '1544065793', '1544065793');
INSERT INTO `smart_category` VALUES ('46', '20世纪中', '38', '0', '1', '1544065807', '1544065807');
INSERT INTO `smart_category` VALUES ('47', '20世纪末', '38', '0', '1', '1544065819', '1544065819');

-- ----------------------------
-- Table structure for `smart_product`
-- ----------------------------
DROP TABLE IF EXISTS `smart_product`;
CREATE TABLE `smart_product` (
  `id` int(11) unsigned NOT NULL AUTO_INCREMENT,
  `title` varchar(50) NOT NULL DEFAULT '',
  `number` varchar(50) NOT NULL COMMENT '编号',
  `origin_id` int(4) unsigned NOT NULL,
  `shape_id` int(4) unsigned NOT NULL,
  `times_id` int(4) unsigned NOT NULL,
  `img_b` varchar(255) CHARACTER SET utf8mb4 NOT NULL DEFAULT '' COMMENT '大图',
  `img_s` varchar(255) CHARACTER SET utf8mb4 NOT NULL DEFAULT '' COMMENT '小图',
  `content` text NOT NULL COMMENT '内容',
  `listorder` int(4) unsigned NOT NULL DEFAULT '0' COMMENT '排序',
  `status` tinyint(1) NOT NULL DEFAULT '1' COMMENT '删除状态0-未审核，1-正常，-1删除',
  `create_time` int(11) unsigned NOT NULL DEFAULT '0',
  `update_time` int(11) unsigned NOT NULL DEFAULT '0',
  PRIMARY KEY (`id`)
) ENGINE=MyISAM AUTO_INCREMENT=9 DEFAULT CHARSET=utf8;

-- ----------------------------
-- Records of smart_product
-- ----------------------------
INSERT INTO `smart_product` VALUES ('1', '舒维登Schwechten', '14505', '19', '31', '43', '/upload\\20181213\\00181d96dc716ed45a4cac6fd4d59fc9.jpg', '/upload\\20181213\\00181d96dc716ed45a4cac6fd4d59fc9_s.jpg', '十八世纪,价格经济的方形钢琴在欧洲占主导地位,立式钢琴的需求尚不明显,但立式钢琴在结构上还是有它诸多的优点:\r\n它的音板是面对琴手的.而不是朝向天花板,声音直接反射给演奏者\r\n在弦轴板和音板之间不存在致使连接减弱的间隙,这个毛病是水平样式钢琴的致命伤.\r\n更好的是立式钢琴的琴壳可以做成对称的形状,这十分符合当时人们的美学标准.在那个时期设计上的高雅和对称是十分重要的\r\n我们可以看到舒维登上(顶)门的两盏台灯(烛台).(图3)这是当时照明用的.以中间为界两片对称的桃花心木的天然木材花纹图案.(图1)琴脚对称的两对雕工精美威武的兽脚.(图4)\r\n键盘黑白键的覆面分别采用了乌木和象牙(当时大多钢琴都是这样的材料)这不仅是出于美学的考虑.也是由于它们的自然属性,两种材料摸上去都性温,有自然吸汗的功能\r\n此琴横147CM,高140CM,纵68.5CM共85键.内部已经采用铸铁框架,交叉琴弦.只是制音器在锤头上方.这种连动装置被称为&quot;鸟笼式连动装置&quot;.(图2)垂直索与钢琴连动装置的自动器相连,看似鸟笼.这样的装置设计效率低下,不易服侍导致琴弦制动效果差,后期不在采用.																<br/><br/>', '0', '1', '0', '1544669988');
INSERT INTO `smart_product` VALUES ('2', '舒维登Schwechten', '145051', '19', '31', '43', '/upload\\20181210\\aa92170a63c44cab907e497fe11608a7.jpg', '/upload\\20181210\\aa92170a63c44cab907e497fe11608a7_s.jpg', '										<p>11</p>								', '0', '-1', '1544411173', '1544411173');
INSERT INTO `smart_product` VALUES ('3', '柯基coji', '14506', '20', '33', '39', '/upload\\20181210\\f806a705bfb765d3c0e76b80ab139abd.jpg', '/upload\\20181210\\f806a705bfb765d3c0e76b80ab139abd_s.jpg', '															<p>1111</p>												', '0', '1', '0', '1544436429');
INSERT INTO `smart_product` VALUES ('4', '考拉cola', '14507', '22', '31', '41', '/upload\\20181210\\4c9f5b130acab09f328aacddd22d952e.jpg', '/upload\\20181210\\4c9f5b130acab09f328aacddd22d952e_s.jpg', '<p>111</p>', '0', '1', '1544436401', '1544436401');
INSERT INTO `smart_product` VALUES ('5', '科科coco', '14606', '20', '32', '44', '/upload\\20181213\\8634e3b99f0b6c0f47f051414ff3f522.jpg', '/upload\\20181213\\8634e3b99f0b6c0f47f051414ff3f522_s.jpg', '					<p>科科coco</p>				', '0', '-1', '1544520595', '1544683589');
INSERT INTO `smart_product` VALUES ('6', '长城', '14508', '19', '35', '47', '/upload\\20181212\\dbd440e13758aa3981f6fbc90f5ef313.jpg', '/upload\\20181212\\dbd440e13758aa3981f6fbc90f5ef313_s.jpg', '<p>长城</p>', '0', '-1', '1544599164', '1544683589');
INSERT INTO `smart_product` VALUES ('7', '11', '11', '19', '32', '41', '', '', '<p>11</p>', '0', '-1', '1544684090', '1544684595');
INSERT INTO `smart_product` VALUES ('8', 'adfas', '11', '20', '32', '44', 'http://gly-image.oss-cn-shenzhen.aliyuncs.com/2018/12/67192201812131501135888.jpg', '', '<p>11111</p>', '0', '1', '1544684476', '1544684476');

-- ----------------------------
-- Table structure for `smart_role`
-- ----------------------------
DROP TABLE IF EXISTS `smart_role`;
CREATE TABLE `smart_role` (
  `id` int(11) unsigned NOT NULL AUTO_INCREMENT,
  `name` varchar(50) NOT NULL DEFAULT '' COMMENT '角色名称',
  `intro` varchar(255) NOT NULL DEFAULT '' COMMENT '角色说明',
  `create_time` int(11) unsigned NOT NULL DEFAULT '0',
  `update_time` int(11) unsigned NOT NULL DEFAULT '0',
  `status` tinyint(1) NOT NULL DEFAULT '0',
  PRIMARY KEY (`id`)
) ENGINE=InnoDB AUTO_INCREMENT=5 DEFAULT CHARSET=utf8;

-- ----------------------------
-- Records of smart_role
-- ----------------------------
INSERT INTO `smart_role` VALUES ('1', '超级管理员', '拥有所有的权限', '0', '1507621756', '1');
INSERT INTO `smart_role` VALUES ('2', '普通管理员', '普通管理员', '1507622787', '1507622787', '1');
INSERT INTO `smart_role` VALUES ('3', '测试', '1111', '1512384627', '1512384634', '-1');
INSERT INTO `smart_role` VALUES ('4', '财务人员', '资金管理', '1513145476', '1544584363', '-1');

-- ----------------------------
-- Table structure for `smart_role_auth`
-- ----------------------------
DROP TABLE IF EXISTS `smart_role_auth`;
CREATE TABLE `smart_role_auth` (
  `id` int(11) unsigned NOT NULL AUTO_INCREMENT,
  `role_id` int(11) unsigned NOT NULL DEFAULT '0',
  `auth_id` int(11) unsigned NOT NULL DEFAULT '0',
  PRIMARY KEY (`id`)
) ENGINE=InnoDB AUTO_INCREMENT=234 DEFAULT CHARSET=utf8;

-- ----------------------------
-- Records of smart_role_auth
-- ----------------------------
INSERT INTO `smart_role_auth` VALUES ('91', '4', '12');
INSERT INTO `smart_role_auth` VALUES ('92', '4', '13');
INSERT INTO `smart_role_auth` VALUES ('93', '4', '14');
INSERT INTO `smart_role_auth` VALUES ('94', '4', '15');
INSERT INTO `smart_role_auth` VALUES ('95', '4', '16');
INSERT INTO `smart_role_auth` VALUES ('168', '1', '1');
INSERT INTO `smart_role_auth` VALUES ('169', '1', '2');
INSERT INTO `smart_role_auth` VALUES ('170', '1', '3');
INSERT INTO `smart_role_auth` VALUES ('171', '1', '4');
INSERT INTO `smart_role_auth` VALUES ('172', '1', '5');
INSERT INTO `smart_role_auth` VALUES ('173', '1', '6');
INSERT INTO `smart_role_auth` VALUES ('174', '1', '25');
INSERT INTO `smart_role_auth` VALUES ('175', '1', '26');
INSERT INTO `smart_role_auth` VALUES ('176', '1', '7');
INSERT INTO `smart_role_auth` VALUES ('177', '1', '8');
INSERT INTO `smart_role_auth` VALUES ('178', '1', '24');
INSERT INTO `smart_role_auth` VALUES ('179', '1', '9');
INSERT INTO `smart_role_auth` VALUES ('180', '1', '10');
INSERT INTO `smart_role_auth` VALUES ('181', '1', '11');
INSERT INTO `smart_role_auth` VALUES ('182', '1', '12');
INSERT INTO `smart_role_auth` VALUES ('183', '1', '13');
INSERT INTO `smart_role_auth` VALUES ('184', '1', '14');
INSERT INTO `smart_role_auth` VALUES ('185', '1', '15');
INSERT INTO `smart_role_auth` VALUES ('186', '1', '16');
INSERT INTO `smart_role_auth` VALUES ('187', '1', '17');
INSERT INTO `smart_role_auth` VALUES ('188', '1', '18');
INSERT INTO `smart_role_auth` VALUES ('189', '1', '19');
INSERT INTO `smart_role_auth` VALUES ('190', '1', '20');
INSERT INTO `smart_role_auth` VALUES ('191', '1', '21');
INSERT INTO `smart_role_auth` VALUES ('192', '1', '22');
INSERT INTO `smart_role_auth` VALUES ('193', '1', '23');
INSERT INTO `smart_role_auth` VALUES ('208', '2', '1');
INSERT INTO `smart_role_auth` VALUES ('209', '2', '2');
INSERT INTO `smart_role_auth` VALUES ('210', '2', '3');
INSERT INTO `smart_role_auth` VALUES ('211', '2', '4');
INSERT INTO `smart_role_auth` VALUES ('212', '2', '5');
INSERT INTO `smart_role_auth` VALUES ('213', '2', '6');
INSERT INTO `smart_role_auth` VALUES ('214', '2', '25');
INSERT INTO `smart_role_auth` VALUES ('215', '2', '26');
INSERT INTO `smart_role_auth` VALUES ('216', '2', '7');
INSERT INTO `smart_role_auth` VALUES ('217', '2', '8');
INSERT INTO `smart_role_auth` VALUES ('218', '2', '24');
INSERT INTO `smart_role_auth` VALUES ('219', '2', '9');
INSERT INTO `smart_role_auth` VALUES ('220', '2', '10');
INSERT INTO `smart_role_auth` VALUES ('221', '2', '11');
INSERT INTO `smart_role_auth` VALUES ('222', '2', '12');
INSERT INTO `smart_role_auth` VALUES ('223', '2', '13');
INSERT INTO `smart_role_auth` VALUES ('224', '2', '14');
INSERT INTO `smart_role_auth` VALUES ('225', '2', '15');
INSERT INTO `smart_role_auth` VALUES ('226', '2', '16');
INSERT INTO `smart_role_auth` VALUES ('227', '2', '17');
INSERT INTO `smart_role_auth` VALUES ('228', '2', '18');
INSERT INTO `smart_role_auth` VALUES ('229', '2', '19');
INSERT INTO `smart_role_auth` VALUES ('230', '2', '20');
INSERT INTO `smart_role_auth` VALUES ('231', '2', '21');
INSERT INTO `smart_role_auth` VALUES ('232', '2', '22');
INSERT INTO `smart_role_auth` VALUES ('233', '2', '23');
